,word,etymology
0,(i)nkōn,0
1,[NA],0
2,[interrupted],0
3,[loanword],0
4,[proper noun],0
5,[sic],0
6,abač,2
7,abaḍāy,2
8,abaḥ yībuḥ,2
9,abrem yabrem,2
10,abu,2
11,abən yabən,2
12,abət yabət,2
13,abət/apt yabət,2
14,abʕaḏ,1
15,abʕeḏ,1
16,abʕeḏ yabʕeḏ,1
17,abṣeṭ yabṣeṭ,2
18,afak yiffuk,2
19,afal yifful,2
20,afaz yiffuz,2
21,afaz yīfuz,2
22,afač yīfuč,2
23,afaš yīfuš,1
24,aff/affi yaff/yaffi,0
25,affeḳ yaffeḳ,1
26,afhem yafhem,2
27,afrež yafrež,2
28,afset yafset,2
29,afčel yafčel,2
30,afət/afti yafət/yafti,2
31,afəḓ yafəḓ,2
32,afəṭrūṯa,2
33,afʕel yafʕel,2
34,afḓal,2
35,afḳar yafḳar,1
36,afṭar yafṭar,2
37,ah/āh/eh,0
38,ahamm,2
39,ahat yihhut,2
40,ahaz/ihhaz yihhuz,2
41,ahaš yīhuš,2
42,ahhel yɁahhel,2
43,ahla,2
44,ahlek yahlek,2
45,ahlōyṯa,2
46,ahw/ahwi yahw/yahwi,2
47,ahər/ahri yahər/yahri,2
48,ahət/ahti yahət/yahti,2
49,akket yɁakket,2
50,akrah yakrah,2
51,akseb yakseb,2
52,akīd,2
53,akšef yakšef,2
54,akəlṯa,2
55,akṯar,2
56,akṯarīṯa,2
57,alaf yilluf,2
58,alam yillum,2
59,alam yīlum,2
60,alač yilluč,2
61,alaš yīluš,1
62,alaḥ yīluḥ,2
63,alaḳ yīluḳ,2
64,alhem yalhem,2
65,aliʕāzar,2
66,alkul,2
67,all-,1
68,allef yɁallef,1
69,allex yallex,1
70,almaʕ yalmaʕ,2
71,almānya,2
72,almās,0
73,almōnay,2
74,alōma,2
75,alūla,0
76,aləḳ yaləḳ,2
77,aləṭ yaləṭ,1
78,alʕan,2
79,alṭef yalṭef,2
80,amal yīmul,2
81,aman yīmun,2
82,amar yīmar,1
83,amat yimmut,2
84,amaṣ yimmuṣ,1
85,ameṯ yīmuṯ,1
86,amhel yamhel,2
87,amla,0
88,amlek yamlek,2
89,amma,0
90,ammen yɁammen,2
91,amra,2
92,amērka,0
93,amōna,2
94,amōnča,2
95,aməṭ/amṭi yaməṭ/yamṭi,1
96,amṣeṭ yamṣeṭ,1
97,ana,1
98,anaḥ,1
99,anaṭ yinnuṭ,2
100,anfaʕ yanfaʕ,2
101,anhar yanhar,1
102,anhi yanhi,2
103,ani/ana,2
104,anik,1
105,ann/anni yɁann/yɁanni,2
106,antem yantem,2
107,anu/ana,2
108,anw yanw,2
109,anšef yanšef,2
110,anžaḥ yanžaḥ,2
111,anʕem yanʕem,2
112,anʕen yanʕen,2
113,anḏar yanḏar,1
114,anḳeḏ yanḳeḏ,2
115,app(i) yapp(i),1
116,apšer yapšer,2
117,arat yirrut,2
118,araš yirruš,2
119,araž yirruž,2
120,araḥ yirruḥ,1
121,araḳ yirruḳ,1
122,arbaḥ yarbaḥ,2
123,argīlča,2
124,arhen yarhen,2
125,arheṭ  yarheṭ,1
126,arheṭ yarheṭ,1
127,arkeš yarkeš,1
128,armalča,1
129,armaġōna,0
130,arnaḥ yarnaḥ,1
131,arpaʕ,1
132,arpaʕčaʕṣar,0
133,arw yarw,2
134,arxeb yarxeb,1
135,arzal,2
136,arzeḳ yarzeḳ,2
137,arōmay,2
138,aršet yaršet,2
139,arək yarək,2
140,arənba,1
141,arəḳ yarəḳ,2
142,arəṣ yarəṣ,1
143,arʕa,1
144,arḥam,2
145,arḥel yarḥel,1
146,arḥem yarḥem,2
147,arḳet yarḳet,2
148,asab yissub,2
149,asab yīsub,1
150,asaf yissuf,2
151,asam yissum,1
152,asaḥ yīsuḥ,2
153,askar yaskar,2
154,aslem yaslem,2
155,asmaḥ yasmaḥ,2
156,asmaḥ/asmeḥ yasmaḥ/yasmeḥ,2
157,asnet yasnet,2
158,aspeʕ yaspeʕ,1
159,asseḳ yasseḳ,1
160,asōs/asās/asas,2
161,asəʕ/asʕi yasəʕ/yasʕi,2
162,asḳaʕ yasḳaʕ,0
163,atab/ittab yittub,2
164,atal yittul,2
165,atar,1
166,ataḳ yittuḳ,1
167,atrek yatrek,2
168,atər/atri yatər/yatri,2
169,atəʕ/atʕi yatəʕ/yatʕi,2
170,aw,1
171,awfaḳ,2
172,awheb yawheb,2
173,awkaʕ yawkaʕ,2
174,awpel yawpel,1
175,awpṯa,2
176,awrab,1
177,awrex yawrex,1
178,awwal,2
179,awwalnō,2
180,awwalča,2
181,awġ(i) yawġ,1
182,awōna,2
183,awəf yawəf,1
184,awəʕ yawəʕ,2
185,awʕeẓ yawʕeẓ,2
186,awḏaʕ yawḏaʕ,1
187,awḳef yawḳef,2
188,awṣef yawṣef,2
189,ax,1
190,ax/āx,1
191,axal yīxul,1
192,axan yīxun,2
193,axbeṯ yaxbeṯ,2
194,axerča,2
195,axfen yaxfen,1
196,axmar yaxmar,2
197,axsar yaxsar,2
198,axtem yaxtem,2
199,axxar yɁaxxar,2
200,axəf yaxəf,2
201,axərnō,2
202,axəṭ yaxəṭ,2
203,axṭar yaxṭar,2
204,aya/ayya,2
205,aylef yaylef,1
206,aylun/aylul,1
207,ayneḳ yayneḳ,1
208,ayy,0
209,ayya/ayyi/ayyu,2
210,ayyub,2
211,ayṭeb yayṭeb,1
212,ayṯ(i) yayṯ(i),1
213,azal yizzul,1
214,azač yizzuč,2
215,azaʕ yīzuʕ,1
216,azka,2
217,azkar yazker,2
218,azʕel yazʕel,2
219,ačab,2
220,ačab yīčub,2
221,ačah,2
222,ačneḥ yačneḥ,1
223,ačōča,2
224,ačʕeb yačʕeb,2
225,aġar yīġur,2
226,aġaṭ yiġġuṭ,2
227,aġla,2
228,aġleṭ yaġleṭ,2
229,aġm(i) yaġm(i),2
230,aġra,1
231,aġreḳ yaġreḳ,2
232,aġīra,1
233,aġīrča,1
234,aġəl yaġəl,2
235,aġən yaġən,2
236,aġəš/aġši yaġəš/yaġši,2
237,aġḓeb yaġḓeb,2
238,aġṣeb yaġṣeb,2
239,ašak yiššuk,2
240,ašam yiššum,2
241,ašan yiššun,1
242,ašbah,2
243,ašbaṭ,1
244,ašfeḳ yašfeḳ,2
245,aškar yaškar,2
246,ašpah yašpah,0
247,ašref yašref,2
248,aššar yɁaššar,2
249,ašəf yašəf,2
250,ašəḳ yašəḳ,1
251,ašḥen yašḥen,1
252,ašṭar,2
253,ažann,2
254,ažar yižžur,2
255,ažas yižžus,2
256,ažax yižžux,2
257,ažbar yažbar,2
258,ažles yažles,2
259,ažmal,2
260,ažmaʕ yažmaʕ,2
261,ažmet yažmet,2
262,ažra,2
263,ažōt-,0
264,ažžar yɁažžar,2
265,ažžel yɁažžel,2
266,ažəl yažəl,2
267,ažər yažər,2
268,ažʕel yažʕel,2
269,ažʕi/ažəʕ yažʕi/yažəʕ,2
270,aʕat yiʕʕut,2
271,aʕaz yiʕʕuz,2
272,aʕbet yaʕbet,2
273,aʕla,2
274,aʕlem yaʕlem,2
275,aʕlen yaʕlen,2
276,aʕleḳ yaʕleḳ,1
277,aʕtem yaʕtem,0
278,aʕzem yaʕzem,2
279,aʕžeb yaʕžeb,2
280,aʕəf yaʕəf,2
281,aʕən yaʕən,2
282,aʕər maʕər,0
283,aʕəṣ yaʕəṣ,1
284,aḏab yīḏub,1
285,aḏaḳ yīḏuḳ,2
286,aḏkar yaḏkar,1
287,aḏlef yaḏlef,1
288,aḏleḳ yaḏleḳ,1
289,aḏmex yaḏmex,1
290,aḏrex yaḏrex,1
291,aḏḏen yɁaḏḏen,2
292,aḓab yiḓḓub,2
293,aḓann,2
294,aḓar yiḓḓur,2
295,aḓaʕ yīḓaʕ,2
296,aḥal yiḥḥul,2
297,aḥal/yiḥḥul,2
298,aḥas yiḥḥus,2
299,aḥaz yiḥḥuz,2
300,aḥaž yiḥḥuž,2
301,aḥaṣ yīḥuṣ,1
302,aḥfeḓ/aḥfeẓ yaḥfeḓ/yaḥfeẓ,2
303,aḥkem yaḥkem,1
304,aḥla,2
305,aḥlem yaḥlem,1
306,aḥmet yaḥmet,1
307,aḥn yaḥn,1
308,aḥref,1
309,aḥref yaḥref,1
310,aḥrež yaḥrež,2
311,aḥsan,2
312,aḥset yaḥset,2
313,aḥw yaḥw,1
314,aḥšem yaḥšem,1
315,aḥək yaḥək,2
316,aḥəm yaḥəm,1
317,aḥəšmūṯa,1
318,aḥḓar yaḥḓar,2
319,aḥḥ yaḥḥ,1
320,aḥḥaḏ,1
321,aḥḥaḏaʕsar,1
322,aḥḥeč yaḥḥeč,1
323,aḥṣel yaḥṣel,2
324,aḳa(m) yīḳu(m),1
325,aḳal,2
326,aḳall,2
327,aḳat yiḳḳut,2
328,aḳaš yiḳḳuš,1
329,aḳaṣ yiḳḳuṣ,1
330,aḳbel yaḳbel,1
331,aḳreb yaḳreb,1
332,aḳreṣ yaḳreṣ,1
333,aḳreṭ yaḳreṭ,1
334,aḳset yaḳset,0
335,aḳtar yaḳtar,0
336,aḳw yaḳw,0
337,aḳwa,0
338,aḳərṭūṯa,0
339,aḳəʕ yaḳəʕ,0
340,aḳəḓ yaḳəḓ,0
341,aḳṣa,0
342,aḷō,0
343,aṣab yiṣṣub,0
344,aṣaf yiṣṣuf,0
345,aṣam yīṣum,0
346,aṣar yiṣṣur,0
347,aṣaḥḥ,0
348,aṣbaḥ yaṣbaḥ,0
349,aṣfen yaṣfen,0
350,aṣla,2
351,aṣlaḥ yaṣlaḥ,0
352,aṣpar yaṣpar,0
353,aṣpaḥ,0
354,aṣraḥ yaṣraḥ,0
355,aṣref yaṣref,0
356,aṣəf/aṣfi yaṣəf/yaṣfi,0
357,aṣəh/aṣhi yaṣəh/yaṣhi,0
358,aṣəx yaṣəx,0
359,aṣəḥ yaṣəḥ,0
360,aṣʕeb yaṣʕeb,0
361,aṣṭef yaṣṭef,0
362,aṭab yiṭṭub,0
363,aṭar yīṭar,0
364,aṭax yiṭṭux,0
365,aṭax yīṭax,0
366,aṭaž yiṭṭuž,0
367,aṭleḳ yaṭleḳ,0
368,aṭmaʕ yaṭmaʕ,0
369,aṭw yaṭw,0
370,aṭyab,0
371,aṭəġ yaṭəġ,0
372,aṭʕem yaṭʕem,0
373,aṯoḳča,0
374,aṯra,2
375,aṯən/aṯni yaṯən/yaṯni,0
376,aẓar yīẓur,0
377,aẓbeṭ yaẓbeṭ,0
378,aẓhar yaẓhar,0
379,b-,0
380,baba ḥasan,0
381,baba ḥasnūṯa,0
382,badōl,0
383,bahtel ybahtel,0
384,bakkar ybakkar,0
385,bakēt,0
386,balbalča,0
387,balk,0
388,balki,0
389,balleš yballeš,0
390,balleṭ yballeṭ,0
391,ballōr,0
392,ballōrča,0
393,balōš,0
394,balžaktōra,0
395,balḥōḏ,0
396,banadōra,0
397,banawb/bnōb/bnawbi,0
398,banža,0
399,barakāt,0
400,baranda,0
401,baraṣ,0
402,barbōra,0
403,barkīla,0
404,barmīla,0
405,barnaš/barš,0
406,barnōša,0
407,barra,0
408,barret,0
409,barriyya,0
410,barrād,0
411,barrōnay,0
412,barrōyṯ-,0
413,bartex ybartex,0
414,barōta,0
415,barš,0
416,barəmṯa,0
417,basīṭay baṣīṭay,0
418,basīṭay/baṣīṭay,0
419,batra,0
420,batt-,0
421,battel ybattel,0
422,batəlṯa,0
423,batərka,0
424,bawwež ybawwež,0
425,bawwōpča,0
426,baxxūra,0
427,baxča,0
428,baxʕa,0
429,baxʕōnay,0
430,baynṯ-,0
431,bayruč,0
432,bayyan ybayyan,0
433,bayyan/bayyen ybayyan/ybayyen,0
434,bayyen ybayyen,0
435,bayyen/bayyan  ybayyen/ybayyan,0
436,bayyeš ybayyeš,0
437,bayyōʕa,0
438,baġla,0
439,baššel ybaššel,0
440,baššer ybaššer,0
441,baʕdēn,0
442,baʕla,0
443,baʕʕeḏ,0
444,baʕʕeḏ ybaʕʕeḏ,0
445,baʕḓ,0
446,baʕḓ-,0
447,baʕḓa,0
448,baḥar,0
449,baḥleḳ ybaḥleḳ,0
450,baḥra,0
451,baḥərṯa,0
452,baḳḳar ybaḳḳar,0
453,baṣṣer,0
454,baṣṣṯa,0
455,baṣṭa,0
456,baṭrakōyṯa,0
457,baṭraxōnča,0
458,baṭəḥṯa,0
459,baṭṭel ybaṭṭel,0
460,baṭṭīxča,0
461,berkṯa,0
462,berča,0
463,besra,0
464,bess/bessi,0
465,besərṯa,0
466,bezra,0
467,bezza,0
468,beʕla,0
469,beʕṯa,0
470,beṣla,0
471,bhīmča,0
472,billa,0
473,bima,0
474,binišō,0
475,binōyṯa,0
476,bisnīṯa,0
477,bisčōna,0
478,bitōyṯa,0
479,bišōla,0
480,bižāma,0
481,bižūz,0
482,blastīk,0
483,blō,0
484,blōk,0
485,blōta,0
486,blōṭča,0
487,borəhṯa,0
488,boxša,0
489,boġta,0
490,boʕra,0
491,boʕḏa,0
492,boḥəšṯa,0
493,boṣərṯa,0
494,brōm,0
495,brōša,0
496,brōḳa,0
497,buntḳōyṯa,0
498,burnōyṯa,0
499,burtḳān,0
500,butt,0
501,buṭanžay,0
502,buṭros,0
503,buṭər rabbi,0
504,bzurōyṯa,0
505,bálatay,0
506,bárake,0
507,bāba,0
508,bādye,0
509,bē,0
510,bēl,0
511,bēla,0
512,bēlma,0
513,bēn,0
514,bīl,0
515,bīma,0
516,bīra,0
517,bīša,0
518,bōdra,0
519,bōla,0
520,bōrex ybōrex,0
521,bōrča,0
522,bōykṯa,0
523,bōža,0
524,bōṭna,0
525,bōṯar,0
526,būra,0
527,būza,0
528,bəl-ḓabəṭ,0
529,bʕalbak,0
530,bḏōra,0
531,bḓōʕča,0
532,dafīn,0
533,daktōr,0
534,danger ydanger,0
535,danyān,0
536,darkesyōn,0
537,dumōnay,0
538,durbakke,0
539,duʕa,0
540,dárakay,0
541,dāyman,0
542,dūma,0
543,ebra,0
544,ebəšṯa,0
545,elbar,1
546,elhel,1
547,ellel,1
548,elġol,1
549,elʕel,1
550,emma,1
551,emmat,1
552,emʕa,1
553,emḥar,1
554,erraʕ,1
555,etta,0
556,ex/ux,1
557,exma,1
558,exmiḏ/exmil/uxmiḏ/uxmil,1
559,ext/exət/exti,1
560,ezna,2
561,eččṯa,1
562,ešbaʕ,0
563,ešma/ušma,0
564,ešna,1
565,eʕṣar,0
566,eḏma,1
567,eḏna,1
568,eḥḏa,1
569,eṭšaʕ,0
570,eṭšaʕʕasər,0
571,eṯlaṯ,0
572,eṯlaṯʕasər,0
573,fa,2
574,fahhem yfahhem,0
575,fahman,0
576,fakkar yfakkar,0
577,fakker,0
578,fakīṯa,0
579,falfel yfalfel,0
580,fallaḥūṯa,0
581,fallek yfallek,0
582,fallōḥa,0
583,fallōḥča,0
584,falāfel,0
585,falčanō,0
586,fankūs,0
587,fann yfann,0
588,fanna,0
589,fanōsa,0
590,farraġ yfarraġ,0
591,farraʕ yfarraʕ,0
592,farreḳ yfarreḳ,0
593,farrōna,0
594,farrūža,0
595,fart,0
596,farta,0
597,fartṯa/farṯṯa,0
598,farwṯa,0
599,farša,0
600,farəšṯa,0
601,farḳa,0
602,farṭ,0
603,fassar yfassar,0
604,fatteš yfatteš,0
605,fawwāz,0
606,fawža,0
607,fayya,1
608,fačfeč yfačfeč,0
609,faččalyōṯa,0
610,fačəlṯa,0
611,fačərṯa,0
612,faḓla,0
613,faḓlo,0
614,faḓwṯa,0
615,faḓḓ yfaḓḓ,0
616,faḓḓel yfaḓḓel,0
617,faḥma,0
618,faḥṣa,0
619,faṣla,0
620,faṣūlye,0
621,faṣḥiyye,0
622,faṣṣel yfaṣṣel,0
623,faṭṭar yfaṭṭar,0
624,faṭṭarīṯa,0
625,faṯəḥṯa,0
626,faṯṯaḥ yfaṯṯaḥ,0
627,faṯṯeḥ,0
628,fekra,0
629,felka,0
630,fellṯa,0
631,fezzṯa,0
632,feška,0
633,feʕla,0
634,feḏra,0
635,ffō,0
636,filīb,0
637,finžōna,0
638,fittōna,0
639,flanō,0
640,forna,0
641,forḳṯa,0
642,fošəḥṯa,0
643,foḳra,0
644,frang,0
645,fransīs,0
646,franžay,0
647,frašō,0
648,fretṯa/freṯṯa,0
649,frānsa,0
650,frīsča,0
651,frōma,0
652,frōxa,0
653,frōġṯa,0
654,frōža,0
655,fulful,0
656,furrōʕča,0
657,fādya,0
658,fčōča,0
659,fēres,0
660,fēčḥa,0
661,fīla,0
662,fīḓḓa,0
663,fōlča,0
664,fōrsa,0
665,fōrča,0
666,fōzi,0
667,fōʕla,0
668,fḓō,0
669,fṣīlča,0
670,fṭīsča,0
671,fṭūra,0
672,gato,0
673,grāfe,0
674,"ha, haɁ, hā, hah, hu, hō",0
675,hallel yhallel,0
676,hamma,0
677,hanik,0
678,hann(i) yhann(i),0
679,hann(un),0
680,hanna,0
681,hannen,0
682,hantez yhantez,0
683,hanukk(i),0
684,hanúk,0
685,harhar/harher yharhar/yharher,0
686,harr(i),0
687,harreb yharreb,0
688,harūn,0
689,hatt(i) yhatt(i),0
690,hawbar yhawbar,0
691,hawdža,0
692,hawwar yhawwar,0
693,hawwen yhawwen,0
694,hawwes yhawwes,0
695,hawžīra,0
696,haykla,0
697,hayyar yhayyar,0
698,hayyīna,0
699,hačxun,0
700,hačč/hačči,0
701,hašš/hašši,0
702,haṯinn/haṯinnun,0
703,hbulya,0
704,hellṯa,0
705,hilōne,0
706,hinn,0
707,hinnen,0
708,hinnun,0
709,hnō,0
710,htīṯa,0
711,hundbe,0
712,huntōza,0
713,huppōra,0
714,huss,0
715,hwō,0
716,hwōyṯa,0
717,hzōza,0
718,hēl,0
719,hī,0
720,hōxa,0
721,hōš/hōši,0
722,hōžem yhōžem,0
723,hōḏ(i),0
724,hōṯa,0
725,hōṯe,0
726,hū,0
727,hžūma,0
728,ibheč yibhač,0
729,iblaʕ yibluʕ,0
730,ibrex,0
731,ibəx/ibxi yibəx/yibxi,0
732,ibəčhaž yibəčhaž,0
733,ibəčlaš yibəčlaš,0
734,ibəʕ yibəʕ,0
735,ibḏar yibḏur,0
736,ifkaš yifkaš,0
737,ifkuḥ,0
738,iflač yiflač,0
739,iflaḥ yifluḥ,0
740,ifrak yifruk,0
741,ifras yifrus,0
742,ifrat yifrut,0
743,ifrax yifrux,0
744,ifraḳ yifruḳ,0
745,ifraṭ yifraṭ,0
746,ifraṭ yifruṭ,0
747,ifrem,0
748,ifres,0
749,ifčer yifčar,0
750,ifčham yifčham,0
751,ifšaḥ yifšuḥ,0
752,ifšīna,2
753,ifəx,0
754,ifəčkar yifəčkar,0
755,ifəčḓi yifəčḓi,0
756,ifəḓ/ifḓi,0
757,ifḓaḥ yifḓuḥ,0
758,ifḳer,0
759,ifṯaḥ yifṯuḥ,0
760,ifṯeḥ,0
761,ihkal yihkul,0
762,ihmaš yihmuš,0
763,ihmel,0
764,ihtas yihtus,0
765,ihtet,0
766,ihžam yihžum,0
767,ihət,0
768,ikbas yikbus,0
769,ikbat yikbut,0
770,ikkum,0
771,ikmar yikmur,0
772,ikmat yikmut,0
773,ikmaš yikmuš,0
774,ikramyōṯa,0
775,ikraʕ yikruʕ,0
776,iksaḥ yiksuḥ,0
777,ikčam yikčum,0
778,ikšaf yikšuf,0
779,ikšef,0
780,ikʕam yikʕum,0
781,ilef/(īlaf) yīlaf,0
782,ilfef,0
783,ilkaz yilkuz,0
784,illa,2
785,ilmas yilmus,0
786,ilyas,1
787,ilyān,0
788,ilzam yilzum,0
789,ilzaḳ yilzuḳ,0
790,ilčhi yilčhi,0
791,ilčḳi yilčḳi,0
792,iləčži yiləčži,0
793,ilḥas yilḥus,0
794,ilḥaḳ yilḥuḳ,0
795,ilḳaṭ yilḳuṭ,0
796,ilṭax yilṭux,0
797,ilṭaš yilṭuš,0
798,ilṭex,0
799,imeṯ,0
800,imkanyōṯa,0
801,imles,0
802,imma,2
803,immōyṯa,1
804,imnaʕ yimnuʕ,0
805,imreḳ yimruḳ,0
806,imsaḥ yimsuḥ,0
807,imzaḥ yimzuḥ,0
808,imčḥan yimčḥan,0
809,imōma,0
810,imōna,2
811,imōḏ,0
812,imšaḥ yimšuḥ,0
813,iməl,0
814,iməl yiməl,0
815,iməčḓi yiməčḓi,0
816,iməš yiməš,0
817,iməḥ yiməḥ,0
818,iməṭ/imṭi yiməṭ,0
819,imʕak yimʕuk,0
820,imʕes,0
821,imṣeṭ yimṣaṭ,0
822,imṯaḥ yimṯuḥ,0
823,imẓaṭ yimẓuṭ,0
824,in,2
825,inbaš yinbuš,0
826,infaḏ yinfuḏ,0
827,infaḥ yinfuḥ,0
828,infaḥ yinfuḥ/yinfaḥ,0
829,infeḳ/iffeḳ yiffuḳ/yinfuḳ,0
830,infeḳ/iffeḳ yinfuḳ/yiffuḳ,0
831,inglīzay,2
832,inhab yinhub,0
833,inhaz yinhaz,0
834,inhaš yinhuš,0
835,inhaḓ yinhaḓ,0
836,inkas yinkus,0
837,inkaš yinkuš,0
838,inkeb yinkab,0
839,inno/inne/inni,2
840,insak yinsuk,0
841,intab yintub,0
842,intar yintar,0
843,intaḳ yintaḳ,0
844,inwžat yinwžat,0
845,inxas yinxus,0
846,inzaʕ yinzaʕ,0
847,inzaʕ yinzuʕ,0
848,inčaf yinčuf,0
849,inčbah yinčbah,0
850,inčfaʕ yinčfaʕ,0
851,inčhi yinčhi,0
852,inčibōha,0
853,inčxab yinčxab,0
854,inčḥar yinčḥar,0
855,inčḳi yinčḳi,0
856,inġab yinġub,0
857,inġaz yinġuz,0
858,inšar yinšur,0
859,inšaḳ yinšuḳ,0
860,inžes,0
861,inžīla,2
862,inəbram yinəbram,0
863,inəbraḏ yinəbraḏ,0
864,inəfḳar yinəfḳar,0
865,inəfḳat yinəfḳat,0
866,inəfṣal yinəfṣal,0
867,inəfṯaḥ yinəfṯaḥ,0
868,inəpṣaṭ yinəpṣaṭ,0
869,inəsṭal yinəsṭal,0
870,inəxtaʕ yinəxtaʕ,0
871,inəxwaṯ yinəxwaṯ,0
872,inəxṭaf yinəxṭaf,0
873,inəxṯab yinəxṯab,0
874,inəčbar yinəčbar,0
875,inəčġab yinəčġab,0
876,inəčḳat yinəčḳat,0
877,inəčṣar yinəčṣar,0
878,inəš/inši yinəš/yinši,0
879,inəžbar yinəžbar,0
880,inəžlaḳ yinəžlaḳ,0
881,inəžḳar yinəžḳar,0
882,inəʕzam yinəʕzam,0
883,inəḳhar yinəḳhar,0
884,inəḳraḓ yinəḳraḓ,0
885,inəḳri yinəḳri,0
886,inəḳtar yinəḳtar,0
887,inəḳṭal yinəḳṭal,0
888,inəḳṭaʕ yinəḳṭaʕ,0
889,inəṣlab yinəṣlab,0
890,inəṭbaʕ yinəṭbaʕ,0
891,inəṭmar yinəṭmar,0
892,inʕat yinʕat,0
893,inʕem yinʕam,0
894,inʕžaḳ yinʕžaḳ,0
895,inḏaḳ yinḏaḳ,0
896,inḓar yinḓur,0
897,inḓef yinḓaf,0
898,inḓʕaf yinḓʕaf,0
899,inḥal yinḥul,0
900,inḥam yinḥam,0
901,inḥeč/iḥḥeč yinḥuč/yiḥḥuč,0
902,inḳal yinḳul,0
903,inḳam yinḳam,0
904,inḳar yinḳur,0
905,inḳaʕ yinḳaʕ,0
906,inṣab yinṣab,0
907,inṣab yinṣub,0
908,inṣeb,0
909,inṭar yinṭur,0
910,inṭraḥ yinṭraḥ,0
911,ipp-/upp-,0
912,ippe/uppe,0
913,ipxaš yipxuš,0
914,ipxel,0
915,ipxeš,0
916,ipčihōža,0
917,ipḥaš yipḥuš,0
918,ipṣer yipṣar,0
919,ireb yīrab,0
920,irex yīrax,0
921,ireṯ yīraṯ,0
922,irfas yirfus,0
923,irfaʕ yirfuʕ,0
924,irfaḓ yirfuḓ,0
925,irhan yirhun,0
926,irkaʕ yirkuʕ,0
927,irpiʕ,0
928,irrex,0
929,irsam yirsum,0
930,irxeb yirxab,0
931,irxeṣ,0
932,irzel,0
933,irčeb,0
934,irčfaʕ yirčfaʕ,0
935,irčifōʕa,0
936,irōta,0
937,irəʕ/irʕi yirəʕ/yirʕi,0
938,irəḏ/irḏi yirəḏ/yirḏi,0
939,irəṣ/irṣi yirəṣ/yirṣi,0
940,irḥem yirḥum,0
941,irḳaḏ yirḳuḏ,0
942,isbaḥ yisbuḥ,0
943,isbeʕ yisbaʕ,0
944,isfaḳ yisfuḳ,0
945,iskab yiskub,0
946,iskan yiskun,0
947,islač yislač,0
948,isleḳ yislaḳ,0
949,ismal yismal,0
950,ismat yismut,0
951,ismet,0
952,israḏ yisruḏ,0
953,isčfel yisčfel,0
954,isčfet yisčfet,0
955,isčilōḥa,0
956,isčiḳbōla,0
957,isčlaḥ yisčlaḥ,0
958,isčlaḳ yisčlaḳ,0
959,isčlem yisčlem,0
960,isžat yisžut,0
961,isḥar yisḥur,0
962,isḳaṭ yisḳaṭ,0
963,isḳel yisḳel,0
964,itbak yitbuk,0
965,itfan yitfun,0
966,itfaš yitfuš,0
967,itfaʕ yitfuʕ,0
968,itlaḳ yitlaḳ,0
969,itlaḳ yitluḳ,0
970,itras yitrus,0
971,itraž yitruž,0
972,itrež,0
973,itxal yitxul,0
974,itʕas yitʕus,0
975,itḥaš yitḥuš,0
976,iwəṭ,0
977,ixfen,0
978,ixfen yixfan,0
979,ixlaʕ yixluʕ,0
980,ixlaḳ yixluḳ,0
981,ixlaṭ yixluṭ,0
982,ixleḳ yixlaḳ,0
983,ixnaš yixnuš,0
984,ixneš,0
985,ixrus,0
986,ixteš,0
987,ixyer,0
988,ixčam yixčum,0
989,ixčar yixčar,0
990,ixčer yixčar,0
991,ixčlaf yixčlaf,0
992,ixčli yixčli,0
993,ixčur,0
994,ixšen,0
995,ixḥal yixḥul,0
996,ixṭab yixṭub,0
997,ixṯab yixṯub,0
998,iyyar,1
999,iza,2
1000,izban yizbun,0
1001,izmīla,1
1002,izruḳ,0
1003,izək,0
1004,izʕaḳ yizʕuḳ,0
1005,izʕut,0
1006,izḥal yizḥul,0
1007,ičbar yičbar,0
1008,ičbar yičbur,0
1009,ičbaʕ yičbuʕ,0
1010,ičber,0
1011,ičlaḥ yičluḥ,0
1012,ičneḥ yičneḥ,0
1013,iččfeḳ yiččfeḳ,0
1014,iččižōha,0
1015,iččxel yiččxel,1
1016,iččžaʕ yiččžaʕ,0
1017,iččṣel yiččṣel,0
1018,ičəčhat yičəčhat,0
1019,ičʕeb,0
1020,iġfar yiġfur,0
1021,iġlab yiġlub,0
1022,iġraf yiġruf,0
1023,iġras yiġrus,0
1024,iġraḥ yiġruḥ,0
1025,iġreḥ,0
1026,iġreḳ/iġraḳ yiġraḳ,0
1027,iġtar yiġtur,0
1028,iġčar yiġčar,0
1029,iġən,0
1030,iġʕer,0
1031,iġṭas yiġṭas,0
1032,išhaḳ yišhuḳ,0
1033,išher yišhur,0
1034,iškek,0
1035,išlaf yišluf,0
1036,išlaʕ yišluʕ,0
1037,išlaḥ yišluḥ,0
1038,išlaḳ yišluḳ,0
1039,išleḳ,0
1040,išmaṭ yišmuṭ,0
1041,išmeʕ yišmaʕ,0
1042,išnaḳ yišnuḳ,0
1043,išneḳ,0
1044,išram yišrum,0
1045,išraḥ yišruḥ,0
1046,išw/išwi yišw/yišwi,0
1047,išč/išči yišč,0
1048,iščaḥ yiščaḥ,0
1049,iščaḳ yiščaḳ,0
1050,iščhi yiščhi,0
1051,iščki yiščki,0
1052,iščlaḳ yiščlaḳ,0
1053,iščrak yiščrak,0
1054,iščwi yiščwi,0
1055,iščġel yiščġel,0
1056,išġel,0
1057,išōrča/ašōrča,0
1058,išḥaṭ yišḥuṭ,0
1059,išḥen yišḥan,0
1060,išḳal yišḳul,0
1061,išṭaf yišṭuf,0
1062,išṭaʕ yišṭaʕ,0
1063,ižbal yižbul,0
1064,ižbaḏ yižbuḏ,0
1065,ižber,0
1066,ižbāri,0
1067,ižfal yižful,0
1068,ižlat yižlut,0
1069,ižmaʕ yižmuʕ,0
1070,ižraf yižruf,0
1071,ižrat yižrut,0
1072,ižreʕ,0
1073,ižtal yižtul,0
1074,ižčimōʕa,0
1075,ižčmaʕ yižčmaʕ,0
1076,ižōra,2
1077,ižōzča,0
1078,ižʕar yižʕur,0
1079,ižḳer,0
1080,iʕbar yiʕbur,0
1081,iʕbaḳ yiʕbuḳ,2
1082,iʕber yiʕbar,1
1083,iʕdām,2
1084,iʕlak yiʕluk,0
1085,iʕlōna,0
1086,iʕrak yiʕruk,0
1087,iʕreb yiʕrab,0
1088,iʕwar yiʕwar,0
1089,iʕwur,0
1090,iʕzem,0
1091,iʕčaz yiʕčaz,0
1092,iʕčbar yiʕčbar,2
1093,iʕčem yiʕčam,2
1094,iʕčibōra,2
1095,iʕčžab yiʕčžab,0
1096,iʕōlča,0
1097,iʕžeḳ,0
1098,iʕəl,0
1099,iʕəčraf yiʕəčraf,0
1100,iʕəčḳat yiʕəčḳat,0
1101,iʕḳuf,0
1102,iʕṣar yiʕṣur,0
1103,iʕṭaš yiʕṭuš,0
1104,iḏa,2
1105,iḏhan yiḏhun,0
1106,iḏmex yiḏmux,0
1107,iḏəʕ yiḏəʕ,0
1108,iḓōfča,0
1109,iḓḥek yiḓḥuk,0
1110,iḥanne,0
1111,iḥbak yiḥbuk,0
1112,iḥbaṭ yiḥbuṭ,0
1113,iḥeḏ yīḥaḏ,0
1114,iḥfar yiḥfur,0
1115,iḥfaẓ yiḥfuẓ,0
1116,iḥlab yiḥlub,0
1117,iḥlaḳ yiḥluḳ,0
1118,iḥles,0
1119,iḥleḳ,0
1120,iḥmeʕ yiḥmaʕ,0
1121,iḥrab yiḥrub,0
1122,iḥreb,0
1123,iḥsel yiḥsal,0
1124,iḥzam yiḥzum,0
1125,iḥzaḳ yiḥzuḳ,0
1126,iḥčal yiḥčal,0
1127,iḥčar yiḥčar,0
1128,iḥčfal yiḥčfal,0
1129,iḥšab yiḥšub,0
1130,iḥžaz yiḥžuz,0
1131,iḥəl,0
1132,iḥəm/iḥmi yiḥəm/yiḥmi/yiḥ(i)/yīḥ,0
1133,iḥər/iḥri yiḥər/yiḥri,0
1134,iḥəčmi yiḥəčmi,0
1135,iḥəčni yiḥəčni,0
1136,iḥəčžam yiḥəčžam,0
1137,iḥəḏ/iḥḏi yiḥəḏ,0
1138,iḥḓan yiḥḓun,0
1139,iḥḥ(i) yiḥḥ(i),0
1140,iḥṣaḏ yiḥṣuḏ,0
1141,iḳbar yiḳbur,0
1142,iḳlab yiḳlab,0
1143,iḳlab yiḳlub,0
1144,iḳlaš yiḳluš,0
1145,iḳlaʕ yiḳluʕ,0
1146,iḳmaz yiḳmuz,0
1147,iḳmaṭ yiḳmuṭ,0
1148,iḳraf yiḳruf,0
1149,iḳraṭ yiḳruṭ,0
1150,iḳsam yiḳsum,0
1151,iḳtar yiḳtur,0
1152,iḳw,0
1153,iḳw/iḳwi,0
1154,iḳšaṭ yiḳšuṭ,0
1155,iḳər/iḳri yiḳər/yiḳri,0
1156,iḳḏaḥ yiḳḏaḥ,0
1157,iḳḏaḥ yiḳḏuḥ,0
1158,iḳḏum,0
1159,iḳḥaṣ yiḳḥuṣ,0
1160,iḳḳer,0
1161,iḳṭab yiḳṭub,0
1162,iḳṭaf yiḳṭuf,0
1163,iḳṭal yiḳṭul,0
1164,iḳṭaš yiḳṭuš,0
1165,iḳṭaʕ yiḳṭaʕ,0
1166,iḳṭaʕ yiḳṭuʕ,0
1167,iḳṭel,0
1168,iḳṭōʕay,0
1169,iṣfur,0
1170,iṣlab yiṣlub,0
1171,iṣmeč yiṣmuč,0
1172,iṣraḳ yiṣruḳ,0
1173,iṣxar yiṣxur,0
1174,iṣəh/iṣhi yiṣəh/yiṣhi,0
1175,iṣəl yiṣəl,0
1176,iṣʕeb,0
1177,iṣḥar yiṣḥur,0
1178,iṭbaʕ yiṭbuʕ,0
1179,iṭbaḳ yiṭbuḳ,0
1180,iṭfal yiṭful,0
1181,iṭfar yiṭfur,0
1182,iṭlab yiṭlub,0
1183,iṭmar yiṭmur,0
1184,iṭraš yiṭruš,0
1185,iṭraḳ yiṭruḳ,0
1186,iṭruš,0
1187,iṭəf yiṭəf,0
1188,iṭər,0
1189,iṭʕan yiṭʕun,0
1190,iṭḥan yiṭḥun,0
1191,iṭḥaš yiṭḥaš,0
1192,iṯər/iṯri,0
1193,iṯḳen yiṯḳan,0
1194,iẓbar yiẓbur,0
1195,iẓrab yiẓrub,0
1196,iẓraʕ yiẓruʕ,0
1197,iẓreʕ,0
1198,iẓəx yiẓəx,0
1199,iẓʕer yiẓʕar,0
1200,iẓʕur,0
1201,iẓḥaṭ yiẓḥuṭ,0
1202,ka,0
1203,kabōsča,0
1204,kabša,0
1205,kaff ykaff,0
1206,kaffa,0
1207,kaffen ykaffen,0
1208,kafna,0
1209,kalfa,0
1210,kalkeš ykalkeš,0
1211,kallef ykallef,0
1212,kallel ykallel,0
1213,kalsōn,0
1214,kalōma,0
1215,kalōnya,0
1216,kammel ykammel,0
1217,kaməšṯa,0
1218,kanabōyṯa,0
1219,kanōra,0
1220,kapkōba,0
1221,kappar ykappar,0
1222,kappes ykappes,0
1223,kappūta,0
1224,karam,0
1225,karaz,0
1226,karr/karri ykarr/ykarri,0
1227,karrem ykarrem,0
1228,karrer ykarrer,0
1229,karrez ykarrez,0
1230,karrōza,0
1231,karsaḥča,0
1232,karseḥ,0
1233,kart,0
1234,karōmča,0
1235,karəkṯa,0
1236,kasma/kesma,0
1237,kasra,0
1238,katēsa,0
1239,kawna,0
1240,kawwek ykawwek,0
1241,kawšūk,0
1242,kawəmṯa,0
1243,kayfa,0
1244,kayyef ykayyef,0
1245,kayyes,0
1246,kayəlṯa,0
1247,kaza/kiza,0
1248,kaččef ykaččef,0
1249,kaššef ykaššef,0
1250,kaɁinno,0
1251,kaṯṯar ykaṯṯar,0
1252,keləmṯa,0
1253,kenwṯa,0
1254,kenza,0
1255,keršṯa,0
1256,keṯərṯa,0
1257,kfōyṯa,0
1258,kilōnya,0
1259,kilōt,0
1260,kiṯər,0
1261,klēsya,0
1262,klīla,0
1263,kmōlča,0
1264,koppṯa,0
1265,korsa,0
1266,korse,0
1267,korəʕṯa,0
1268,krunbe,0
1269,krēk,0
1270,ktīša,0
1271,ktīšča,0
1272,kuppōyṯa,0
1273,kusōyṯa,0
1274,kuzlok,0
1275,kuḥkull,0
1276,kuḥlay/xuḥlay,0
1277,káhraba,0
1278,kámira,0
1279,kān,0
1280,kān/kōn/(i)nkōn,0
1281,kīki šamma,0
1282,kīlo,0
1283,kōfa,0
1284,kōmel,0
1285,kōpsa,0
1286,kōra,0
1287,kōrča,0
1288,kōsa,0
1289,kōsča,0
1290,kōza,0
1291,kūkṯa,0
1292,kūsa,0
1293,kūxa,0
1294,kūʕa,0
1295,l,0
1296,l(a)-ḥetta,0
1297,l-,0
1298,l-uḳbil,0
1299,l-uḳbōlča,0
1300,l-ḥamdillōh/l-ḥamdillāh/l-ḥamdulillāh,0
1301,l-ḥatt(i),0
1302,la,0
1303,la budd,0
1304,la ṣōb,0
1305,la/lā,0
1306,labaniyye,0
1307,lableb ylableb,0
1308,laffṯa,0
1309,lafəḥṯa,0
1310,lagan,0
1311,lah,0
1312,lahəžṯa,0
1313,lakin,0
1314,lakinni,0
1315,lakōn,0
1316,lakōni,0
1317,lamlem ylamlem,0
1318,lamma,0
1319,lampṯa,0
1320,lann,0
1321,lanna,0
1322,lapp ylapp,0
1323,lappes ylappes,0
1324,lappeḏ ylappeḏ,0
1325,law,0
1326,lawandyos/lawandiyyos,0
1327,lawinno,0
1328,lawna,0
1329,lawḥa,0
1330,laxṯa,1
1331,laymūnča,0
1332,lazzaḳ ylazzaḳ,0
1333,lazzeḳ ylazzeḳ,0
1334,laɁ,0
1335,laʕ,0
1336,laʕlēx/laʕlīš,0
1337,laʕʕōba,0
1338,laḥmes ylaḥmes,0
1339,laḥwes ylaḥwes,0
1340,laḥḥeḳ ylaḥḥeḳ,0
1341,laḥḥōma,0
1342,laḳša,0
1343,laḳḳaḥ ylaḳḳaḥ,0
1344,laḳḳeṭ ylaḳḳeṭ,0
1345,laṣleṣ ylaṣleṣ,0
1346,laṭṭeš ylaṭṭeš,0
1347,leppa,0
1348,lečra,0
1349,leʕl-,0
1350,leḥma,0
1351,leṭra,0
1352,lina,0
1353,lizzīṯa/lazzīṯa,0
1354,liššōna,0
1355,liɁanno,0
1356,lopsa,0
1357,lorkaʕ,0
1358,loġṯa,0
1359,loʕpṯa,0
1360,loḳəmṯa,0
1361,lubnān,0
1362,lubnōnay,0
1363,lukkil,0
1364,lzūma,0
1365,lēlya,0
1366,lī/li,0
1367,lō,0
1368,lōb,0
1369,lōla,0
1370,lōma,0
1371,lōmar,0
1372,lōzem,0
1373,lōzim/lōzem,0
1374,lḥōfa,0
1375,lṭarča,0
1376,m-/mn-,0
1377,m/mn,0
1378,ma,0
1379,mabətya,0
1380,mafhum,0
1381,mafruḓ,0
1382,mafərḳa,0
1383,mahbōža/mehbōža,0
1384,mahla,0
1385,mahma,0
1386,makkar,0
1387,makla,0
1388,makčūba,0
1389,makəčba,0
1390,malka,0
1391,malleḥ,0
1392,malleḥ ymalleḥ,0
1393,malleṯ,0
1394,malzamṯa,0
1395,maləkṯa,0
1396,maləḳṭa,0
1397,malʕaḳṯa,0
1398,malʕun,0
1399,mamlakṯa,0
1400,mamnunōyṯa,0
1401,mamnuʕ,0
1402,mannu,0
1403,manyūk,0
1404,manīṯa,0
1405,manōma,0
1406,manšarča,0
1407,manəxra,0
1408,manəḳla,0
1409,manḥa,0
1410,manḥay,0
1411,manḳarča,0
1412,manṭarča,0
1413,manṭaḳṯa,0
1414,manẓra,0
1415,manẓum,0
1416,mapxarča,0
1417,mapṣuṭ,0
1418,mar,0
1419,marfaḳṯa,0
1420,marfʕa,0
1421,markba,0
1422,marra,0
1423,marrer,0
1424,marreḳ ymarreḳ,0
1425,martadella,0
1426,marya,0
1427,marzuḳ,0
1428,marč,0
1429,maržalča,0
1430,maržlōṯa,0
1431,maržūʕa,0
1432,maržūḥča,0
1433,marəkza,0
1434,marəžṯa,0
1435,marəḳṯa,0
1436,marḥūma,0
1437,mass ymass,0
1438,masōfča,2
1439,masɁalča,0
1440,masɁul,0
1441,masəkṯa,0
1442,masərta,0
1443,masəḥṯa,0
1444,masʕat,0
1445,matmet ymatmet,0
1446,matrasṯa,0
1447,matte,0
1448,matōra,0
1449,matəfʕa,0
1450,matʕasṯa,0
1451,mawhub,0
1452,mawsma,0
1453,mawwah ymawwah,0
1454,mawwen ymawwen,0
1455,mawzṯa,0
1456,mawčṯa,0
1457,mawžut,0
1458,mawḓūʕa,0
1459,mawṣūla,0
1460,mawṯa,0
1461,maxramča,0
1462,maxrōmča,0
1463,maxxul,0
1464,maxōyel,0
1465,maxəbra,0
1466,mayla,0
1467,mayyel ymayyel,0
1468,mayyez ymayyez,0
1469,mazal,0
1470,mazraʕṯa,0
1471,mazāl,0
1472,mazōt,0
1473,mazḥa,0
1474,maġəfra,0
1475,mašhur,0
1476,mašmuʕō,0
1477,mašnaḳṯa,0
1478,mašrōba/mašrūba,0
1479,mašrūʕa,0
1480,maščūṯa,0
1481,maššōna,0
1482,maššōyṯa,0
1483,mašəʕla,0
1484,mažbanča,0
1485,mažmuʕyōṯa,0
1486,mažnun,0
1487,mažūs,0
1488,mažžet ymažžet,0
1489,maɁwō,0
1490,maʕ,0
1491,maʕ/maʕl-/miʕl-,0
1492,maʕkṯa,0
1493,maʕlūla,0
1494,maʕlūm,0
1495,maʕmuḏō,0
1496,maʕnōyṯa,0
1497,maʕrba,0
1498,maʕrbay,0
1499,maʕrefṯa/meʕrefṯa,0
1500,maʕruf,0
1501,maʕrūfa,0
1502,maʕžen ymaʕžen,0
1503,maʕžna,0
1504,maʕəlfa,0
1505,maʕəmla,0
1506,maʕḳul,2
1507,maʕṣarča,0
1508,maḏenča,2
1509,maḏəbḥa,0
1510,maḓyuf,0
1511,maḓḓ ymaḓḓ,0
1512,maḥbub,0
1513,maḥkamṯa,0
1514,maḥla,0
1515,maḥmaṣṯa,0
1516,maḥmīṯa,0
1517,maḥramṯa,0
1518,maḥzaḳḳa,0
1519,maḥōlča,0
1520,maḥəšra,0
1521,maḥḥ(i),0
1522,maḳbarča,0
1523,maḳerf,0
1524,maḳles ymaḳles,0
1525,maḳref,0
1526,maḳōma,0
1527,maḳəʕta,0
1528,maḳəḏḥa,0
1529,maṣfarča,0
1530,maṣlaḥṯa,0
1531,maṣrūfa,0
1532,maṣtra,0
1533,maṣxar ymaṣxar,0
1534,maṣyfa,0
1535,maṣāxer,0
1536,maṣōrča,0
1537,maṣəmra,0
1538,maṣər,0
1539,maṣṣīṣ,0
1540,maṣṣōṣča,0
1541,maṣṣṯa,0
1542,maṭmūrča,0
1543,maṭwṯa,0
1544,maṭəpxa,0
1545,maṭəʕma,0
1546,maṭṭeṭ,0
1547,maṯla,0
1548,maṯmen,0
1549,maẓbuṭ,0
1550,mbartxōna,0
1551,mekro,0
1552,melka,0
1553,melḥa,0
1554,mermar yharhar,0
1555,metra,0
1556,mett,0
1557,metti,0
1558,mettūṯa,0
1559,mečra,0
1560,mešḥa,0
1561,meʕnōyṯa/miʕnōyṯa,0
1562,meḥli,0
1563,meḥya/miḥya,0
1564,meḥənṯa,0
1565,meṯṯa,0
1566,mfakka,0
1567,mfalfal,0
1568,mhappar,0
1569,mil,0
1570,milli,0
1571,milōta,0
1572,milōxa,0
1573,min dūn,0
1574,mina,0
1575,minšōra,0
1576,minžat,0
1577,miskīna,0
1578,misti,0
1579,mistīḏa,0
1580,miččxōla,0
1581,mišmešṯa,0
1582,miḥya,0
1583,miṣfōyṯa/muṣfōyṯa,0
1584,miṣrōyṯa,0
1585,miṣrōʕa,0
1586,mkarsaḥ,0
1587,mlabbas,0
1588,mlabbasīṯa,0
1589,mlaffṯa,0
1590,mlawwan,0
1591,mlaʕʕab,0
1592,mluṯṯ-,0
1593,mlōḥa,0
1594,mlūkay,0
1595,mnasapča,0
1596,mofčḥa/mofəčḥa,0
1597,mohra,0
1598,molka,0
1599,motta,0
1600,moḳətma,0
1601,mpala,0
1602,mrawwab,0
1603,mraččab,0
1604,mrōyṯa,0
1605,mrūṯa,0
1606,msabaḳča,0
1607,msaddasča,0
1608,msakkar,0
1609,msažžalča,0
1610,msō,0
1611,mtallal,0
1612,mtappas,0
1613,mtapprōna,0
1614,mtawtfa,0
1615,mtawwar,0
1616,mtaʕpla,0
1617,mtaḳḳa,0
1618,mtīḥča,0
1619,mtō,0
1620,mubāšáratan,0
1621,muhimm,0
1622,muhimmay,0
1623,munšōra,0
1624,muržān,0
1625,mustašfa,0
1626,mutōr,0
1627,muwġīṯa,0
1628,muxayyam,0
1629,muxramča,0
1630,muxrōmča,0
1631,mučrasō,0
1632,mučwōlay,0
1633,muġərfīṯa,0
1634,muškelṯa/miškelṯa,0
1635,mušmešṯa,0
1636,mušwōra/mišwōra,0
1637,muščwīnya/miščwīnya,0
1638,mušḳīṯa,0
1639,mušṭʕīnya/mišṭʕīnya(?),0
1640,mužbalīṯa,0
1641,mužlīṯa,0
1642,mužrawōyṯa,0
1643,mužrem/mežrem,0
1644,muʕmḏīṯa,0
1645,muʕžazīṯa,0
1646,muḥamaynūṯa,0
1647,muḥāmi,0
1648,muḥḥōča,0
1649,muḳtōra,0
1650,muṭrōna,0
1651,muṯallaṯ,0
1652,muẓẓuṭ,0
1653,mwaṣalyōṯa,0
1654,mxaddedīṯa,0
1655,mxaramča,0
1656,mzaffač,0
1657,mzaxraf,0
1658,mákana,0
1659,márḥaba,0
1660,másalan,0
1661,máṯalan,0
1662,mā,0
1663,māri,0
1664,māza/māẓa,0
1665,mčažarča,0
1666,mēkro,0
1667,mēseḳ,0
1668,mēzya,1
1669,mēḥeč,0
1670,mēṯya,1
1671,mō,0
1672,mōla,0
1673,mōn,0
1674,mōra,0
1675,mōrta,0
1676,mōrča,0
1677,mōya,0
1678,mōyṯṯa,0
1679,mōz,0
1680,mōṣeṭ,0
1681,mšawarča,0
1682,mšīḥa,0
1683,mšōḥa,0
1684,mūsa,0
1685,mūše,0
1686,mžarra,0
1687,mžáddara,0
1688,mžōla,0
1689,mʔ,0
1690,mʕallay,0
1691,mʕallmanīṯa,0
1692,mʕallmōna,0
1693,mʕalmōna,0
1694,mʕamalča,0
1695,mʕarrṯa,0
1696,mʕawfarča,0
1697,mʕawwta,0
1698,mʕayyan,0
1699,mʕaḓḓamiyye,0
1700,mḏīnča,0
1701,mḓayafča,0
1702,mḓō,0
1703,mḥalla,0
1704,mḥammad,0
1705,mḥaṭṭa,0
1706,mḳabalč-,0
1707,mḳawwmōna,0
1708,mṣafṣaf,0
1709,mṣallaynīṯa,0
1710,mṣappa,0
1711,mṣaraʕča,0
1712,mṣaraʕžay,0
1713,mṣarḳa,0
1714,mṣīpča,0
1715,mṯallaṯ,0
1716,mṯann,0
1717,mẓaharča,0
1718,mẓanṭarča,0
1719,naffaḏ ynaffaḏ,0
1720,naffes ynaffes,0
1721,naffeḏ ynaffeḏ,0
1722,naffeḳ ynaffeḳ,0
1723,naffeṣ ynaffeṣ,0
1724,nafōra,0
1725,nahra,0
1726,nakkeb,0
1727,nakkeb ynakkeb,0
1728,nakket ynakket,0
1729,nakkeš ynakkeš,0
1730,nakrez ynakrez,0
1731,nakweš ynakweš,0
1732,napka,0
1733,napkōnay,0
1734,nappah ynappah,0
1735,nappeš ynappeš,0
1736,napṭa,0
1737,narbīš/narbīša,0
1738,natma,0
1739,natīma,0
1740,nawella,0
1741,nawlōn,0
1742,nawwar ynawwar,0
1743,nawwaḥ ynawwaḥ,0
1744,nawʕa,0
1745,naxla,0
1746,naxle,0
1747,nayya,0
1748,naččež ynaččež,0
1749,naġəpṯa,0
1750,naġəzṯa,0
1751,naššef,0
1752,nažīb,0
1753,nažž(i) ynažž(i),0
1754,nažžar ynažžar,0
1755,nažžet ynažžet,0
1756,nažžōra,0
1757,naʕweṣ ynaʕweṣ,0
1758,naʕša,0
1759,naʕʕem,0
1760,naʕʕem ynaʕʕem,0
1761,naḓra,0
1762,naḓḓef,0
1763,naḓḓef ynaḓḓef,0
1764,naḥsa,0
1765,naḥḥīṯa,0
1766,naḳrašča,0
1767,naḳōsa,0
1768,naḳəlṯa,0
1769,naḳḳ ynaḳḳ,0
1770,naḳḳel ynaḳḳel,0
1771,naḳḳeṭ ynaḳḳeṭ,0
1772,naṣra,0
1773,naṣriyye,0
1774,naṣūḥ,0
1775,naṭōra,0
1776,naẓərṯa,0
1777,naẓẓem ynaẓẓem,0
1778,nebʕa,0
1779,nefša,0
1780,nepṭa,0
1781,nesra/neṣra,0
1782,nesəpṯa,0
1783,neʕmṯa,0
1784,neḳra,0
1785,nihōyṯa/nhōyṯa,0
1786,nišōna,0
1787,nišṭūṯa,0
1788,niṣpō,0
1789,nofəšṯa,0
1790,nohra,0
1791,nokətṯa/nokəṯṯa,0
1792,nočfa,0
1793,noḳla,0
1794,noḳəṭṯa/noḳəṯṯa,0
1795,nuhhur,0
1796,nuḓḓōfa,0
1797,nuḳḳō,0
1798,nuḳḳōṭa,0
1799,náwaray,0
1800,nāylo,0
1801,nčīžča,0
1802,nība,0
1803,nīra,0
1804,nīrča,0
1805,nīsan,0
1806,nīṣa,0
1807,nīṯa,0
1808,nōseb ynōseb,0
1809,nōska,0
1810,nōt ynōt,0
1811,nōwel ynōwel,0
1812,nōṣaḥ,0
1813,nšīfa,0
1814,nšītča,0
1815,nšōra,0
1816,nšōrča,0
1817,nšōḳa,0
1818,nūra,0
1819,nžōsča,0
1820,nʕīma,0
1821,nḥōša,0
1822,nḳōla,0
1823,nḳūṭa,0
1824,nṣība,0
1825,ommṯa,1
1826,orba,0
1827,oroppa,0
1828,orḥa,1
1829,otombīl,0
1830,oḳra,0
1831,palpeš ypalpeš,0
1832,payṯa,0
1833,ppōfča,0
1834,psōna,0
1835,pulpel,0
1836,rabb/rabbi,0
1837,rabūb,0
1838,rabʕa,0
1839,rahna,0
1840,rahṭa,0
1841,rakkeb yrakkeb,0
1842,rakkōba,0
1843,ramla,0
1844,ramza,0
1845,ramzay,0
1846,rapp yrapp,0
1847,rappaʕ yrappaʕ,0
1848,rasmay,0
1849,rasna,0
1850,rasōyel,0
1851,rattel yrattel,0
1852,rattṯa,0
1853,rawwaḥ yrawwaḥ,0
1854,rawweb yrawweb,0
1855,rax,0
1856,raxša,0
1857,rayya,0
1858,rayyes,0
1859,rayysṯa,0
1860,rayša,0
1861,rayḥōna,0
1862,raččeb yraččeb,0
1863,ražžaʕ yražžaʕ,0
1864,ražəʕṯa,0
1865,raɁya,0
1866,raɁīsa,0
1867,raɁīsča,0
1868,raḥme,0
1869,raḥəlṯa,0
1870,raḥəmṯa,0
1871,raḳḳaʕ yraḳḳaʕ,0
1872,raḳḳeḏ yraḳḳeḏ,0
1873,raṭṭeb yraṭṭeb,0
1874,rbīʕa,0
1875,rebḥa,0
1876,reffa,0
1877,rezəḳṯa,0
1878,rezḳa,0
1879,reġra,0
1880,reḳḏa,0
1881,reḳḳa,0
1882,rfīḳa,0
1883,rfīḳča,0
1884,riḥmūṯa,0
1885,riḥya,0
1886,rmōyṯa,0
1887,robʕa,0
1888,rofəḳṯa,0
1889,rohəpṯa,0
1890,romḥa,0
1891,roḥla,0
1892,roḥəl,0
1893,rumiš,0
1894,ruzya,0
1895,ruḥaybe,0
1896,ruḥəlnō,0
1897,rxoppṯa,0
1898,rxōmča,0
1899,rzōlča,0
1900,rámaḓan,0
1901,rādyo,0
1902,rēbeʕ,0
1903,rīša,0
1904,rīšča,0
1905,rīḥa,0
1906,rīḥṯa,0
1907,rīḳa,0
1908,rōfeḳ yrōfeḳ,0
1909,rōhba,0
1910,rōken,0
1911,rōyṯa,0
1912,rōžaʕ yrōžaʕ,0
1913,rōʕya,0
1914,rōḥṯa,0
1915,rōḳeb yrōḳeb,0
1916,ršōša,0
1917,rūḥa,0
1918,ržō,0
1919,rʕō,0
1920,rḳōḳa,0
1921,rṣōṣa,0
1922,rṣōṣča,0
1923,rṭūpča,0
1924,sabseb ysabseb,0
1925,sabīl,0
1926,sabʕa,0
1927,safar barlek,0
1928,saffar ysaffar,0
1929,safra,0
1930,safərṯa,0
1931,sahla,2
1932,sahsel ysahsel,0
1933,sahəlṯa,0
1934,sakkar/sakker ysakkar/ysakker,0
1935,sakran,0
1936,sakərṯa,0
1937,salla,0
1938,sallem ysallem,0
1939,salleč ysalleč,0
1940,salleḥ ysalleḥ,0
1941,salleṭ ysalleṭ,0
1942,sallum,0
1943,salma,0
1944,salīm,0
1945,salīmay,0
1946,salōme,0
1947,salḥab ysalḥab,0
1948,samalōna,0
1949,samma,0
1950,sammek ysammek,0
1951,sammet ysammet,0
1952,sammōka,0
1953,sammōna,0
1954,saməkṯa,0
1955,samətṯa/saməṯṯa,0
1956,sannet ysannet,0
1957,santem ysantem,0
1958,santūḳa,0
1959,santūḳča,0
1960,sappa,0
1961,sappaḥ ysappaḥ,0
1962,sappōḥa,0
1963,sarkes,0
1964,sarreb ysarreb,0
1965,sarseb,0
1966,sarīʕay,0
1967,satra,0
1968,satteḳ ysatteḳ,0
1969,sawa,0
1970,sawlef ysawlef,0
1971,sawōye,0
1972,sayfa,0
1973,sayfṯa,0
1974,sayla,0
1975,sayra,0
1976,saytṯa,0
1977,sayyet ysayyet,0
1978,sayyōrča,0
1979,sayyōta,0
1980,sayṭar ysayṭar,0
1981,sažra,0
1982,sažərṯa,0
1983,saʕta,0
1984,saḥḥar,0
1985,saḥḥar ysaḥḥar,0
1986,saḥḥōrča,0
1987,saḳfa,0
1988,saḳəʕṯa,0
1989,saḳʕan,0
1990,saḳḳeṭ ysaḳḳeṭ,0
1991,saṭla,0
1992,sbōḥa,0
1993,sekkṯa,0
1994,sella,0
1995,seləfṯa,0
1996,semla,0
1997,senta,0
1998,serra,0
1999,seʕra,0
2000,sikkīna,0
2001,sikōrča,0
2002,sirray,0
2003,siryōn,0
2004,sičča,0
2005,skarbīnča,0
2006,slōka,0
2007,slōmča,0
2008,smōkča,0
2009,smōḥa,0
2010,sokra,0
2011,soləfṯa,0
2012,sorəʕṯa,0
2013,spaʕṯa,0
2014,srīra,0
2015,studʕa,0
2016,stīḳa,0
2017,sukkar,0
2018,summuḳ,0
2019,summōka,0
2020,sumʕan,0
2021,suriyya,0
2022,surtōba,0
2023,sužžōtča,0
2024,suɁōla,0
2025,swīḳa,0
2026,syōġa,0
2027,syōġča,0
2028,sínama,0
2029,sčafḳet yisčafḳet,0
2030,sčahət/sčahti yisčahət/yisčahti,0
2031,sčakṯar yisčakṯar,0
2032,sčanəž yisčanəž,0
2033,sčarzeḳ yisčarzeḳ,0
2034,sčaxbar yisčaxbar,0
2035,sčaxraʕ yisčaxraʕ,0
2036,sčaġreb yisčaġreb,0
2037,sčašhet yisčašhet,0
2038,sčaɁžar yisčaɁžar,0
2039,sčaʕmel yisčaʕmel,0
2040,sčaʕreḓ yisčaʕreḓ,0
2041,sčaʕəṣ yisčaʕəṣ,0
2042,sčaḳbel yisčaḳbel,0
2043,sčaṣʕeb yisčaṣʕeb,0
2044,sčuḏkōra,0
2045,sčōhal yisčōhel,2
2046,sēbeʕ,0
2047,sīpča,0
2048,sīrča,0
2049,sīta,0
2050,sīḥa,0
2051,sōba,0
2052,sōfar ysōfar,0
2053,sōlem,0
2054,sōmaḥ/sōmeḥ ysōmaḥ/ysōmeḥ,0
2055,sōw ysōw,0
2056,sōyar ysōyar,0
2057,sōyḥa,0
2058,sōʕet ysōʕet,0
2059,sōḥra,0
2060,sōḥṯa,0
2061,sōḳa,0
2062,sūkṯa,0
2063,sūsča,0
2064,sʕōtča,0
2065,sḥūra,0
2066,sḳīfča,0
2067,ta,0
2068,tabbūle,0
2069,tabəkṯa,0
2070,taffa,0
2071,taffar ytaffar,0
2072,taffeš ytaffeš,0
2073,tahra,0
2074,taksi,0
2075,tallel/tallal ytallel/ytallal,0
2076,tantel ytantel,0
2077,tantūlča,0
2078,tanəkṯa,0
2079,tappar ytappar,0
2080,tappūsa,0
2081,tara,0
2082,tarba,0
2083,tarkal ytarkal,0
2084,tarra,0
2085,tarreb ytarreb,0
2086,tarrōba,0
2087,tartōra,0
2088,tarwīša,0
2089,tarəžṯa,0
2090,tastūra,0
2091,tawb-,0
2092,tawra,0
2093,tawrōyṯa,0
2094,tawwar ytawwar,0
2095,tawōma,0
2096,tawəlṯa,0
2097,tawərṯa,0
2098,taxl-,0
2099,taxxel ytaxxel,0
2100,taxīl- taxīlč-,0
2101,taxəlṯa,0
2102,taxənṯa,0
2103,tayna,0
2104,tayyen ytayyen,0
2105,taʕwṯa,0
2106,taḥkal ytaḥkal,0
2107,taḥkel ytaḥkel,0
2108,taḥpal/taḥpel ytaḥpal/ytaḥpel,0
2109,taḥsandār,0
2110,taḳḳṯa,0
2111,tbōka,0
2112,tefla,0
2113,tepsa,0
2114,ti,0
2115,tikkōna,0
2116,tikkōnča,0
2117,titōna,0
2118,tiyhūṯa,0
2119,tiḏō,0
2120,toppa,0
2121,traktōr/taraktōr,0
2122,trolla,0
2123,trīsa,0
2124,ttaxxal yittaxxal,0
2125,tulōba,0
2126,tumbāk,0
2127,tunya,0
2128,turkiyya,0
2129,tutun,0
2130,tuwwōra,0
2131,tuxxōna,0
2132,tuġray,0
2133,tuġōra,0
2134,tuḥkōla,0
2135,twālēt,0
2136,twō,0
2137,tyātro,0
2138,tīrča,0
2139,tīḏ-,0
2140,tōfaʕ ytōfaʕ,0
2141,tōm/tōma,2
2142,tōr,0
2143,tōr ytōr,0
2144,tōret ytōret,0
2145,tōwwut,0
2146,tōyərṯa,0
2147,tōyṯa,0
2148,tūr,0
2149,tūr/tūrč-,0
2150,tḳīḳča,0
2151,tḳōḳa,0
2152,uf(f)/of,0
2153,ukkil,0
2154,ukkmil,0
2155,unṯa,0
2156,urdon,0
2157,urṯuḏuksay,2
2158,ustāz,2
2159,utēl,0
2160,ux,1
2161,uxmil,0
2162,uxxul/uxxil,0
2163,uṣūl/iṣūl,0
2164,uṣūlay,2
2165,w,0
2166,wadīʕ,0
2167,waffar ywaffar,0
2168,waffeḳ ywaffeḳ,0
2169,wafta,0
2170,wakkel ywakkel,0
2171,wakra,0
2172,wal-,0
2173,wala,0
2174,wall ywall,0
2175,walla/waḷḷa,2
2176,walō,0
2177,warreḳ ywarreḳ,0
2178,warta,0
2179,warətṯa/warəṯṯa,0
2180,warəšṯa,0
2181,warəḳṯa,0
2182,wasseʕ,0
2183,waswas ywaswas,0
2184,waswōsa,0
2185,wattaʕ ywattaʕ,0
2186,waxma,0
2187,wayla,0
2188,wazna,0
2189,wazzeʕ ywazzeʕ,0
2190,wazərṯa,0
2191,waš,0
2192,wažžah ywažžah,0
2193,wažžeb ywažžeb,0
2194,wažʕa,0
2195,waʕya,0
2196,waḓḓ ywaḓḓ,0
2197,waḥtōnay,0
2198,waḥša,0
2199,waḥḥet ywaḥḥet,0
2200,waḳfa,0
2201,waḳča,0
2202,waḳəʕṯa,0
2203,waḳḳaʕ ywaḳḳaʕ,0
2204,waḳḳef ywaḳḳef,0
2205,waṣla,0
2206,waṣəfṯa,0
2207,waṣṣ ywaṣṣ,0
2208,waṣṭōnay,0
2209,waṭṭ ywaṭṭ,0
2210,waṯanay,0
2211,waẓẓef ywaẓẓef,0
2212,wehbe,0
2213,werṯṯa,0
2214,weḥtṯa,0
2215,willa/walla,0
2216,wkīla,0
2217,wliyya,0
2218,wlī,0
2219,wrāx,0
2220,wrēš,0
2221,wtōʕa,0
2222,wtōʕča,0
2223,wuš,0
2224,wzīra,0
2225,wēn,0
2226,wēš,0
2227,wīle,1
2228,wōb,0
2229,wōfeḳ ywōfeḳ,0
2230,wōx,0
2231,wōxeḏ ywōxeḏ,0
2232,wōžah ywōžah,0
2233,wōžba,0
2234,wōṯ/wōṯi,1
2235,wʕō,0
2236,wḓōyṯa,0
2237,wḳīṯa,0
2238,wṣīṯa,0
2239,wẓīfča,0
2240,xabarōyṯa,0
2241,xabīra,0
2242,xabīṯay,0
2243,xaffa,0
2244,xaffef,0
2245,xaffef yxaffef,0
2246,xaffes yxaffes,0
2247,xaffṯa,0
2248,xafna,0
2249,xalal,0
2250,xalaṣ,0
2251,xalefča,0
2252,xallef yxallef,0
2253,xalleṣ yxalleṣ,0
2254,xalleṭ yxalleṭ,0
2255,xalli,0
2256,xallṯa,0
2257,xalpa,0
2258,xalḳīna,0
2259,xammar yxammar,0
2260,xammen yxammen,0
2261,xammes yxammes,0
2262,xann/xanni,0
2263,xanunō,0
2264,xanūnay,0
2265,xanžra,0
2266,xarfen yxarfen,0
2267,xarma,0
2268,xarraḥ yxarraḥ,0
2269,xarōfa,0
2270,xarōfča,0
2271,xarž-,0
2272,xaržōyṯa,0
2273,xass/xassi yxass/yxassi,0
2274,xassa,0
2275,xassṯa,0
2276,xattōma,0
2277,xawkapṯa,0
2278,xawwṯa,0
2279,xawōṣa,0
2280,xayra,0
2281,xayray,0
2282,xayyeb yxayyeb,0
2283,xayyem yxayyem,0
2284,xayyōṭa,0
2285,xayyōṭča,0
2286,xayəmṯa,0
2287,xazzen yxazzen,0
2288,xazənṯa,0
2289,xašīṯa,0
2290,xaḓrūṯa,0
2291,xaḓīr,0
2292,xaṣṣan,0
2293,xaṭirkun,0
2294,xaṭərṯa,0
2295,xaṭṭeb yxaṭṭeb,0
2296,xaṯṯeb yxaṯṯeb,0
2297,xbōṣa,0
2298,xebra,0
2299,xelḳṯa,0
2300,xenša,0
2301,xett/xetti,0
2302,xetəmṯa,0
2303,xeška,0
2304,xeṭəpṯaḥ,0
2305,xfōḳa,0
2306,xiyōlay,0
2307,xolḳa,0
2308,xomərṯa,0
2309,xonṣra,0
2310,xoppa,0
2311,xorža,0
2312,xošna,0
2313,xoḓərṯa,0
2314,xoḥla,0
2315,xoṯla,0
2316,xrunṯa,0
2317,xrēra,0
2318,xull,0
2319,xulxōlča,0
2320,xuppez,0
2321,xurrōḥa,0
2322,xurō,0
2323,xussō/xussū,0
2324,xwōra,0
2325,xwōṯ-,0
2326,xyōrča,0
2327,xāṣṣatan,0
2328,xēfa,0
2329,xēmes,0
2330,xēr,0
2331,xōla,1
2332,xōlef yxōlef,0
2333,xōleṣ,0
2334,xōtma,0
2335,xōčma,0
2336,xōṭra,0
2337,xšurīṯa,0
2338,xšūra,0
2339,xūza,0
2340,xṣīma,0
2341,xṣūṣ-,0
2342,xṣūṣan,0
2343,xṣūṣay,0
2344,xṭīṯa,0
2345,xṯōba,0
2346,ya/yā,0
2347,yabraḳ,0
2348,yabruḓ/yabruḏ,0
2349,yabrūḓay/yabrūḏay,0
2350,yalla,0
2351,yarka,0
2352,yarḥa,0
2353,yasser yyasser,0
2354,yatta,0
2355,yawna,0
2356,yawse,0
2357,yaxni/yaxne,0
2358,yaṯma,0
2359,yimken,0
2360,yittaʕ,0
2361,yiɁ/yīī/yī/yih,0
2362,yumma,0
2363,yummen/yimmen,0
2364,yā rēt,0
2365,yīb,0
2366,yōma,0
2367,yōnsun/yōnson,0
2368,zabōḳa,0
2369,zahra,0
2370,zahwe,0
2371,zahītay,0
2372,zahər,0
2373,zalle yzelle,1
2374,zaləmṯa,0
2375,zamra,0
2376,zamōna,0
2377,zangīlay,0
2378,zanzabīla,0
2379,zappen yzappen,0
2380,zawta,0
2381,zawwaʕ yzawwaʕ,0
2382,zawweḏ yzawweḏ,0
2383,zawwōra,0
2384,zawġa,0
2385,zawəṯṯa,0
2386,zawʕa,0
2387,zaxma,0
2388,zaxxem/zaxxam yzaxxem/yzaxxam,0
2389,zayya,0
2390,zayyen yzayyen,0
2391,zayṯa,0
2392,zaʕla,0
2393,zaʕlan,0
2394,zaʕweḳ yzaʕweḳ,0
2395,zaʕčar,0
2396,zaʕīma,0
2397,zaḥlaḳ yzaḥleḳ,0
2398,zaḥle,0
2399,zaḥəmṯa,0
2400,zaḳzūḳa,0
2401,zaḳḳef yzaḳḳef,0
2402,zbōlča,0
2403,zbūna,0
2404,zekra,0
2405,zenta,0
2406,zeḳḳa,0
2407,zibnō,0
2408,ziḥlawnay,0
2409,zkawṯa,0
2410,zkōn,2
2411,zrīʕča,0
2412,zuppōna,0
2413,zuptōyṯa,0
2414,zuyyōḥa,0
2415,zwōḏa,0
2416,zēniddār,0
2417,zīza,0
2418,zōma,0
2419,zōr,0
2420,zōt,0
2421,zʕōḳa,0
2422,ábatan,0
2423,ármanay,2
2424,ášbahay,2
2425,ážnabay,0
2426,āb,0
2427,ās,2
2428,čamam,0
2429,čammem yčammem,0
2430,čammuz,0
2431,čamōma,0
2432,čaməzṯa,0
2433,čappar yčappar,0
2434,čarīxa,2
2435,čawma,0
2436,čaxča,0
2437,čažra,0
2438,čaʕba,0
2439,čaʕban,0
2440,čaʕnēx/čuʕnēx,0
2441,čaʕpṯa,0
2442,čaḳla,0
2443,čbarbas yičbarbas,0
2444,čbarraʕ yičbarraʕ,0
2445,čbarṭal yičbarṭal,0
2446,čbassam yičbassam,0
2447,čbatt yičbatt,0
2448,čbayyan yičbayyan,0
2449,čbaḳḳ yičbaḳḳ,0
2450,čbōra,0
2451,čbōrax yičbōrax,0
2452,čbōxal,0
2453,čfallaḥ yičfallaḥ,0
2454,čfarraḳ yičfarraḳ,0
2455,čfassar yičfassar,0
2456,čfaḓfaḓ yičfaḓfaḓ,0
2457,čfaḓḓal yičfaḓḓal,0
2458,čfaḳḳat yičfaḳḳat,0
2459,čfaṯṯaḥ yičfaṯṯaḥ,0
2460,čharrab yičharrab,0
2461,čhayyaḳ yičhayyaḳ,0
2462,či,0
2463,čifkīra,0
2464,čifsīra,0
2465,čikberča/čikbīrča,0
2466,čikrīza,0
2467,čilbīḏa,0
2468,čilmīḏa,0
2469,činya,0
2470,čirpīṯa,0
2471,čirtīla,0
2472,čirčīpča,0
2473,čislīma,0
2474,čitberča,0
2475,čitbīra,0
2476,čittōḏa,0
2477,čiġrepča,0
2478,čišlīḥa,0
2479,čišrin,0
2480,čiḳlīta,0
2481,čiḳrīban,0
2482,čiṯḥōnax,0
2483,čkallam yičkallam,0
2484,čkammal yičkammal,0
2485,čkarrar yičkarrar,0
2486,čkawwan yičkawwan,0
2487,člappak yičlappak,0
2488,člažž yičlažž,0
2489,člōž yičlōž,0
2490,člōḥa,0
2491,čmannaʕ yičmannaʕ,0
2492,čmarkaz yičmarkaz,0
2493,čmaržaḥ yičmaržaḥ,0
2494,čmatmet yičmatmet,0
2495,čmaxṭar yičmaxṭar,0
2496,čmašš yičmašš,0
2497,čnattam yičnattam,0
2498,čnawmas yičnawmas,0
2499,čnaššaḳ yičnaššaḳ,0
2500,čnažž yičnažž,0
2501,čnaṣran yičnaṣran,0
2502,čnaṣṣaṭ yičnaṣṣaṭ,0
2503,čnōwal yičnōwal,0
2504,čnōġam yičnōġam,0
2505,čnōġaš yičnōġaš,0
2506,čnōḓef yičnōḓef,0
2507,čnōḳel yičnōḳel,0
2508,čorsa,0
2509,črattat yičrattat,0
2510,črawḥan yičrawḥan,0
2511,čražž(i) yičražž(i),0
2512,čražžal yičražžal,0
2513,čraḥraḥ yičraḥraḥ,0
2514,čraḥḥab yičraḥḥab,0
2515,čraḥḥam yičraḥḥam,0
2516,črōfaḳ yičrōfaḳ,0
2517,črōfaḳ yčrōfaḳ,0
2518,črōžaʕ yičrōžaʕ,0
2519,čsakkar yičsakkar,0
2520,čsall(i)/ssall(i) yičsall(i)/yissall(i),0
2521,čsarraḥ yičsarrḥ,0
2522,čsōw yičsōw,0
2523,čtappar yičtappar,0
2524,čtarwaš yičtarwaš,0
2525,čuppe,0
2526,čuwrīḳa,0
2527,čwaff yičwaff,0
2528,čwazzaʕ yičwazzaʕ,0
2529,čwašwaš yičwašwaš,0
2530,čwažžah yičwažžah,0
2531,čwaʕʕ yičwaʕʕ,0
2532,čwaḓḓ yičwaḓḓ,0
2533,čwaḥḥ yičwaḥḥ,0
2534,čwaḥḥat yičwaḥḥat,0
2535,čxaff yičxaff,0
2536,čxallaf yičxallaf,0
2537,čxallaṣ yičxallaṣ,0
2538,čxarraž yičxarraž,0
2539,čxarraḥ yičxarraḥ,0
2540,čxōyal yičxōyal,0
2541,čzakkar yičzakkar,0
2542,čġazz(i) yičġazz(i),0
2543,čōbaʕ yčōbaʕ,0
2544,čōma,0
2545,čōra,0
2546,čōžar yčōžar,0
2547,čōžra,0
2548,čšakk yičšakk,0
2549,čšammas yičšammas,0
2550,čšanṭaṭ yičšanṭaṭ,0
2551,čšarkal yičšarkal,0
2552,čšarrab yičšarrab,0
2553,čšarraf yičšarraf,0
2554,čū/ču,0
2555,čūb,0
2556,čūl-,0
2557,čūʕl-/čuʕl-,0
2558,čūṯ(i),1
2559,čžarraʕ yičžarraʕ,0
2560,čžōʕča,0
2561,čɁahhal yičɁahhal,2
2562,čɁakkat yičɁakkat,2
2563,čɁallaf yičɁallaf,2
2564,čɁammal yičɁammal,2
2565,čɁaxxar yičɁaxxar,2
2566,čɁuhhōla,2
2567,čɁōmar yičɁōmar,1
2568,čʕall yičʕall,0
2569,čʕallaḳ yičʕallaḳ,0
2570,čʕammaḏ yičʕammaḏ,0
2571,čʕannat yičʕannat,0
2572,čʕarraf yičʕarraf,0
2573,čʕaskar yičʕaskar,0
2574,čʕažref yičʕažref,0
2575,čʕažžab yičʕažžab,0
2576,čʕaṭṭal yičʕaṭṭal,0
2577,čʕōlaž yičʕōlaž,0
2578,čʕōwan yičʕōwan,0
2579,čḓarrar yičḓarrar,0
2580,čḓarraʕ yičḓarraʕ,0
2581,čḥammal yičḥammal,0
2582,čḥammam yičḥammam,0
2583,čḥammaṣ yičḥammaṣ,0
2584,čḥayyar yičḥayyar,0
2585,čḥaṭṭaṭ yičḥaṭṭaṭ,0
2586,čḥōtas yičḥōtas,0
2587,čḥōṣar yičḥōṣar,0
2588,čḳarrab yičḳarrab,0
2589,čḳattam yičḳattam,0
2590,čḳattaš yičḳattaš,0
2591,čḳaṭṭaʕ yičḳaṭṭaʕ,0
2592,čṣaff yičṣaff,0
2593,čṣōraʕ yičṣōraʕ,0
2594,čṭawwaʕ yičṭawwaʕ,0
2595,čẓōhar yičẓōhar,0
2596,ē,2
2597,ētra,1
2598,ġabrōna,0
2599,ġabrṯa,0
2600,ġallōyṯa,0
2601,ġalwṯa,0
2602,ġaləpṯa,0
2603,ġaləṭṯa,0
2604,ġalṭan,0
2605,ġamla,0
2606,ġammeḳ yġammeḳ,0
2607,ġammṯa,0
2608,ġamġem yġamġem,0
2609,ġanna,0
2610,ġapp-,0
2611,ġappōna,0
2612,ġarba,0
2613,ġarbay,0
2614,ġarfṯa,0
2615,ġarmašča,0
2616,ġarr(i) yġarr(i),0
2617,ġarreb yġarreb,0
2618,ġarība,0
2619,ġarībay,0
2620,ġarōsa,0
2621,ġarḓa,0
2622,ġawwa,0
2623,ġawwōnay,0
2624,ġawwōyṯ-,0
2625,ġawza,0
2626,ġawzṯa,0
2627,ġaypṯa,0
2628,ġayr/ġēr,0
2629,ġayyar yġayyar,0
2630,ġayyaḏ yġayyaḏ,0
2631,ġazalīṯa,0
2632,ġazwa,0
2633,ġaḏya,0
2634,ġaḓban,0
2635,ġaṣəb,0
2636,ġaṣṣeb/ġasseb,0
2637,ġaṣṣem,0
2638,ġaṭṭas,0
2639,ġaṭṭes yġaṭṭes,0
2640,ġbečča,0
2641,ġbīna,0
2642,ġelta,0
2643,ġerma,0
2644,ġerḥa,0
2645,ġezzṯa,0
2646,ġešra,0
2647,ġmōʕča,0
2648,ġnō,0
2649,ġofna,0
2650,ġolla,0
2651,ġoppa,0
2652,ġorfṯa,0
2653,ġorna,0
2654,ġorpṯa,0
2655,ġorḥa,0
2656,ġorḥil,0
2657,ġrōrča,0
2658,ġrōsa,0
2659,ġrōḥa,0
2660,ġtōra,0
2661,ġubōra,0
2662,ġuppaʕōḏ,0
2663,ġuppaʕōḏ/xuppaʕōḏ,0
2664,ġuppaʕḏnay,0
2665,ġuppōnay,0
2666,ġurayra,0
2667,ġāz,0
2668,ġōl,0
2669,ġūrča,0
2670,ġūṭṯa,0
2671,ġṭōsa,0
2672,īf(i) yīf(i),1
2673,īle/ūle,1
2674,īm(i) yīm(i),0
2675,īḏa,0
2676,īṯ,1
2677,ōb/ōbi,0
2678,ōbu,1
2679,ōfel yōfel,0
2680,ōfez yōfez,0
2681,ōfṯa,2
2682,ōhem yōhem,0
2683,ōhen yōhen,0
2684,ōlef,1
2685,ōmar yɁōmar,0
2686,ōmen yɁōmen,2
2687,ōmeṯ yōmeṯ,0
2688,ōneḳ yōneḳ,0
2689,ōneṭ yōneṭ,0
2690,ōtam,2
2691,ōtamay,2
2692,ōter yōter,0
2693,ōw yɁōw,2
2694,ōx,0
2695,ōxeb yōxeb,0
2696,ōxef yōxef,0
2697,ōxel yōxel,0
2698,ōxer,2
2699,ōxeṣ yōxeṣ,0
2700,ōyṯa,2
2701,ōzet yōzet,0
2702,ōčem yōčem,0
2703,ōġa,0
2704,ōġeb yōġeb,0
2705,ōġer yōġer,0
2706,ōšeb yōšeb,0
2707,ōšek yōšek,0
2708,ōšer yōšer,0
2709,ōšeġ yōšeġ,0
2710,ōžar yɁōžar,0
2711,ōʕen yōʕen,0
2712,ōʕet yōʕet,0
2713,ōʕez yōʕez,0
2714,ōḓef yōḓef,0
2715,ōḓel yōḓel,0
2716,ōḓer yōḓer,0
2717,ōḥen yōḥen,0
2718,ōḥes yōḥes,0
2719,ōḥez yōḥez,0
2720,ōḥež yōḥež,0
2721,ōḥeḳ yōḥeḳ,0
2722,ōḳem yōḳem,0
2723,ōṣeb yōṣeb,0
2724,ōṣeḥ yōṣeḥ,0
2725,ōṭel yōṭel,0
2726,ōṯ(i),1
2727,šabəkṯa,0
2728,šaffōṭča,0
2729,šaffṯa,0
2730,šafərṯa,0
2731,šafəṭṯa,0
2732,šahītča/šhītča,0
2733,šahərṯa,0
2734,šakk,0
2735,šakkel yšakkel,0
2736,šakliyyōṯa,0
2737,šakriyye,0
2738,šakōša,0
2739,šakəl,0
2740,šallaḥ yšallaḥ,0
2741,šalleḳ,0
2742,šaləfṯa,0
2743,šaləʕṯa,0
2744,šamm yšamm,0
2745,šammaʕ yšammaʕ,0
2746,šammen,0
2747,šammes yšammes,0
2748,šaməʕṯa,0
2749,šamʕa,0
2750,šantōyṯa,0
2751,šappa,0
2752,šappūṯa,0
2753,šappṯa,0
2754,šarbō,0
2755,šarfa,0
2756,šarpṯa,0
2757,šarra,0
2758,šarreb yšarreb,0
2759,šarrōba,0
2760,šarāb,0
2761,šarīfay,0
2762,šaršfa,0
2763,šarḳa,0
2764,šarḳay,0
2765,šarḳōyṯa,0
2766,šarṭa,0
2767,šarṭūṭa,0
2768,šattar yšattar,0
2769,šawba,0
2770,šawbar yšawbar,0
2771,šawbeš yšawbeš,0
2772,šawfṯa,0
2773,šawra,0
2774,šaxṣa,0
2775,šayxa,0
2776,šayyība,0
2777,šayšar yšayšar,0
2778,šayšūra,0
2779,šayərṯa,0
2780,šayṭōnay,0
2781,šaġġal,0
2782,šaġġel yšaġġel,0
2783,šaġġōla,0
2784,šaġəlṯa,0
2785,šašōyṯa,0
2786,šaʕba,0
2787,šaʕban,0
2788,šaʕnīna,0
2789,šaʕšeʕ,0
2790,šaʕʕel yšaʕʕel,0
2791,šaʕṯa,0
2792,šaḥna,0
2793,šaḥḥen,0
2794,šaḳabōna,0
2795,šaḳwṯa,0
2796,šaḳəfṯa,0
2797,šaḳḳef yšaḳḳef,0
2798,šaṭranž,0
2799,šaṭṭa,0
2800,šbičča,0
2801,šbīna,0
2802,šbīnča,0
2803,šbōba,0
2804,šbōpča,0
2805,šekla/šakla,0
2806,šenna,0
2807,šerəkṯa,0
2808,šeʕpṯa,0
2809,šeʕra,0
2810,šeṯṯ,0
2811,šhōtča,0
2812,šimēnto,0
2813,šimša,0
2814,širwōla,0
2815,šičwōyṯa,0
2816,šičč/šičči,0
2817,šiččōḏ,1
2818,šiḏōnay,0
2819,šiḳya,0
2820,šlīfa,0
2821,šlōfa,0
2822,šlōḳa,0
2823,šmošča,0
2824,šmō,0
2825,šnōḳa,0
2826,šobaʕčaʕṣar,0
2827,šohərṯa,0
2828,šomna,0
2829,šoppṯa,0
2830,šoġla,0
2831,šrīka,0
2832,šrīṭa,0
2833,šrīṭča,0
2834,šrōġa,0
2835,šubōša,0
2836,šubəʕ,0
2837,šufēr,0
2838,šukalāta,0
2839,šunīṯa,0
2840,šuppōka,0
2841,šuppōpča,0
2842,šurṭa,0
2843,šurṭay,0
2844,šuḥḥōra,0
2845,šyūġa,0
2846,šúšbarak,0
2847,šāy,0
2848,šāš,0
2849,ščū,0
2850,šēḏa,0
2851,šīra,0
2852,šīrča,0
2853,šōdra,0
2854,šōhar yšōhar,0
2855,šōhet yšōhet,0
2856,šōhta,0
2857,šōhya,0
2858,šōmṯa,0
2859,šōrek yšōrek,0
2860,šōreṭ yšōreṭ,0
2861,šōrʕa,0
2862,šōwar yšōwar,0
2863,šōġeb yšōġeb,0
2864,šōġel yšōġel,0
2865,šōʕba,0
2866,šōʕra,0
2867,šōṭar,0
2868,šōṭaʕ yšōṭaʕ,0
2869,šūḳa,0
2870,šʕōʕa,0
2871,šṭōḥa,0
2872,žabalō,0
2873,žabra,0
2874,žahhez yžahhez,0
2875,žahtaḥ,0
2876,žakēt,0
2877,žallas yžallas,0
2878,žalles yžalles,0
2879,žallōta,0
2880,žalīl,0
2881,žaləsṯa,0
2882,žammeʕ/žammaʕ yžammeʕ/yžammaʕ,0
2883,žammōla,0
2884,žamra,0
2885,žaməʕṯa,0
2886,žamʕa,0
2887,žamʕōyṯa,0
2888,žandurma/žanderma,0
2889,žanne,0
2890,žannen/žannan yžannen/yžannan,0
2891,žannez yžannez,0
2892,žanzīra,0
2893,žappen yžappen,0
2894,žappōnča,0
2895,žarraʕ yžarraʕ,0
2896,žarreṣ yžarreṣ,0
2897,žarut,0
2898,žaržūra,0
2899,žarṣa,0
2900,žasta,0
2901,žattet yžattet,0
2902,žawharča,0
2903,žawwa,0
2904,žawəlṯa,0
2905,žayša,0
2906,žaṭō,0
2907,žefča,0
2908,žehṯa,0
2909,želatīn,0
2910,žesma,0
2911,žezɁa,0
2912,žhannab,0
2913,žhōza,0
2914,žitta,0
2915,žiztōna,0
2916,žičča,0
2917,žlōlča,0
2918,žmīʕča,0
2919,žmōʕa,0
2920,žnōzča,0
2921,žnōḥa,0
2922,žoməlṯa,0
2923,žorma,0
2924,žorta,0
2925,žorəzṯa,0
2926,žoḳra,0
2927,žoḳərṯa,0
2928,žrītča,0
2929,žubaylīṯa,0
2930,žubaylō,0
2931,žumhurōyṯa,0
2932,žumžomṯa,0
2933,žunnōza,0
2934,žuryes,0
2935,žuržaffa,0
2936,žurži,0
2937,žuzēf,0
2938,žwōba,0
2939,žēmeʕ,0
2940,žīrča,0
2941,žōhez,0
2942,žōmaʕ yžōmaʕ,0
2943,žōweb yžōweb,0
2944,žōyez,0
2945,žūxa,0
2946,žʕilō,0
2947,žʕēra,0
2948,žʕīlča,0
2949,Ɂalmānya,0
2950,Ɂaḥḥaḏ,0
2951,Ɂummay,2
2952,Ɂustrād,0
2953,ʕa ṣummeč,0
2954,ʕa/ʕal,0
2955,ʕabdo,2
2956,ʕabərṯa,1
2957,ʕafra,1
2958,ʕafye,2
2959,ʕafīṯa,2
2960,ʕahta,2
2961,ʕakkez yʕakkez,0
2962,ʕakkōra,1
2963,ʕakkūša,1
2964,ʕala bina,0
2965,ʕali,0
2966,ʕall yʕall,0
2967,ʕallaḳ yʕallaḳ,0
2968,ʕallem,0
2969,ʕallem yʕallem,0
2970,ʕalleḳ yʕalleḳ,0
2971,ʕalya,0
2972,ʕalyṯa,0
2973,ʕalōmča,0
2974,ʕalōmča/ʕulōmča,0
2975,ʕalōḳča/ʕlōḳča/ʕilōḳča,0
2976,ʕama,0
2977,ʕamalōyṯa,0
2978,ʕamlay,0
2979,ʕamma,0
2980,ʕammal,0
2981,ʕammar yʕammar,0
2982,ʕammeḏ yʕammeḏ,0
2983,ʕammeṣ yʕammeṣ,0
2984,ʕammṯa,0
2985,ʕamra,0
2986,ʕamūḏa/ʕammūḏa,0
2987,ʕaməlṯa,0
2988,ʕann/ʕanni yʕann/yʕanni,0
2989,ʕantuḳ,0
2990,ʕanṣarča,0
2991,ʕanṭaẓ/ʕanṭeẓ yʕanṭaẓ/yʕanṭeẓ,0
2992,ʕapp yʕapp,0
2993,ʕappar yʕappar,1
2994,ʕapta,2
2995,ʕarabōyṯa,0
2996,ʕaraḳ,0
2997,ʕarbaš yʕarbaš,0
2998,ʕarkel yʕarkel,0
2999,ʕarraḓ yʕarraḓ,0
3000,ʕarref yʕarref,0
3001,ʕarreṭ yʕarreṭ,0
3002,ʕarruṭō,0
3003,ʕarīḓa,0
3004,ʕarša,0
3005,ʕarḓa,0
3006,ʕarḳūba,0
3007,ʕaskarōyṯa,0
3008,ʕaskra,0
3009,ʕatinne,0
3010,ʕatla,0
3011,ʕatman,0
3012,ʕatt yʕatt,0
3013,ʕattel yʕattel,0
3014,ʕatāba,0
3015,ʕawna,0
3016,ʕaww yʕaww,0
3017,ʕawweḓ yʕawweḓ,0
3018,ʕaya,0
3019,ʕayatt-/ʕyatt-,0
3020,ʕayba,0
3021,ʕaylṯa/ʕayəlṯa,0
3022,ʕaymṯa,0
3023,ʕayn(i) yʕayn(i),0
3024,ʕayna,0
3025,ʕayy(i) yʕayy(i),0
3026,ʕayyen yʕayyen,0
3027,ʕayyeḏ yʕayyeḏ,0
3028,ʕazma,0
3029,ʕazz yʕazz,0
3030,ʕazzam yʕazzam,0
3031,ʕazzel yʕazzel,0
3032,ʕazzōbay,0
3033,ʕazīz,0
3034,ʕaččeḳ,1
3035,ʕačəpṯa,2
3036,ʕašwaš yʕašwaš,0
3037,ʕaššeb yʕaššeb,0
3038,ʕaššeš yʕaššeš,0
3039,ʕašši,0
3040,ʕaža,0
3041,ʕažrafča,0
3042,ʕažīne,0
3043,ʕažžōnča,0
3044,ʕažəlṯa,0
3045,ʕažəḳṯa,0
3046,ʕaḏḏab yʕaḏḏab,2
3047,ʕaḏḏeb yʕaḏḏeb,2
3048,ʕaḳla,2
3049,ʕaḳta,0
3050,ʕaḳīta,0
3051,ʕaḳōna,1
3052,ʕaḳərba,1
3053,ʕaṣba,0
3054,ʕaṣra,0
3055,ʕaṣər,0
3056,ʕaṣṣ yʕaṣṣ,0
3057,ʕaṭalla,0
3058,ʕaṭṭel,0
3059,ʕaẓẓar yʕaẓẓar,0
3060,ʕbōyṯa,1
3061,ʕelma,0
3062,ʕemm-,0
3063,ʕenəpṯa,0
3064,ʕerḳa,0
3065,ʕetla,0
3066,ʕezza,0
3067,ʕgōla/ʕugōla,0
3068,ʕibāra,0
3069,ʕibōčča,0
3070,ʕida,0
3071,ʕillaṯ,0
3072,ʕillīṯa,0
3073,ʕinwōna,0
3074,ʕisren,0
3075,ʕisər/ʕisri,0
3076,ʕittōna,0
3077,ʕizzīṯa,0
3078,ʕiḏōyṯa,0
3079,ʕmīrča,0
3080,ʕnēna,0
3081,ʕolpṯa,0
3082,ʕomra,0
3083,ʕoməlṯa,0
3084,ʕonta,0
3085,ʕoppa,0
3086,ʕorfa,0
3087,ʕorəʕra,0
3088,ʕottṯa/ʕoṯṯa,0
3089,ʕowwet yʕowwet,0
3090,ʕočma,2
3091,ʕošba,0
3092,ʕošša,0
3093,ʕošəpṯa,0
3094,ʕoṭra,0
3095,ʕrēba,0
3096,ʕrōba,0
3097,ʕrōḓča,0
3098,ʕrōḓča/ʕarōḓča,0
3099,ʕrūfča,0
3100,ʕtuwwa,0
3101,ʕubya,1
3102,ʕukkōzča,2
3103,ʕumar,0
3104,ʕummōra,0
3105,ʕunnīṯa/ʕunīṯa,0
3106,ʕunnū/ʕunnō,0
3107,ʕurnīṯa,0
3108,ʕurpōla,0
3109,ʕurrōbay,0
3110,ʕuḏōba,2
3111,ʕuḳūpča,0
3112,ʕwaynōt,0
3113,ʕwurya,0
3114,ʕyōla,0
3115,ʕyōnča,0
3116,ʕyōra,0
3117,ʕzīmča,0
3118,ʕzīza,0
3119,ʕárabay,0
3120,ʕárabeṯ,0
3121,ʕáskaray,0
3122,ʕāde,0
3123,ʕāṣi,0
3124,ʕēḏa,0
3125,ʕēṣmalō,0
3126,ʕīla,0
3127,ʕīlča,0
3128,ʕīšča,0
3129,ʕōhet yʕōhet,2
3130,ʕōkar yʕōkar,0
3131,ʕōlma,0
3132,ʕōmla,0
3133,ʕōna,0
3134,ʕōwet yʕōwet,0
3135,ʕōyen yʕōyen,0
3136,ʕōyeḏ yʕōyeḏ,0
3137,ʕōžez,0
3138,ʕōžza,0
3139,ʕōḳeb yʕōḳeb,2
3140,ʕōḳel,2
3141,ʕōṯṯa/ʕōtṯa,0
3142,ʕōẓar,0
3143,ʕžēža,0
3144,ʕžīpča,0
3145,ʕṣofra,0
3146,ʕṭūsa,0
3147,ḏahba,0
3148,ḏakar,0
3149,ḏalfa,0
3150,ḏalīṯa,0
3151,ḏapparīṯa,0
3152,ḏawweḳ yḏawweḳ,0
3153,ḏayra,0
3154,ḏayyeḳ,0
3155,ḏaʕṯa,0
3156,ḏaḥaḳōna,0
3157,ḏbīḥča,0
3158,ḏebša,0
3159,ḏeffa,0
3160,ḏemseḳ,0
3161,ḏeməʕṯa,0
3162,ḏenpa,0
3163,ḏeḳna,0
3164,ḏikkel yḏikkel,0
3165,ḏlūḳa,0
3166,ḏmōxa,0
3167,ḏokkṯa,0
3168,ḏrōʕa,0
3169,ḏukkel,0
3170,ḏukkil/ḏikkil,0
3171,ḏura,0
3172,ḏuḥḥuḳ,0
3173,ḏxīrča,0
3174,ḏēba,0
3175,ḏī,0
3176,ḏīka,0
3177,ḏīna,0
3178,ḏōb/nḏōb,0
3179,ḏōrča,0
3180,ḏōḏa,0
3181,ḏḏōyaḳ yiḏḏōyaḳ,0
3182,ḓabʕa,0
3183,ḓabḓeb yḓabḓeb,0
3184,ḓarba,0
3185,ḓarfa,0
3186,ḓarrar yḓarrar,0
3187,ḓaww yḓaww,0
3188,ḓawwaʕ yḓawwaʕ,0
3189,ḓayfa,0
3190,ḓayyef yḓayyef,0
3191,ḓaḥwṯa,0
3192,ḓaḥḥ yḓaḥḥ,0
3193,ḓaḥḥek yḓaḥḥek,0
3194,ḓaḥḥiyye,0
3195,ḓeḥka,0
3196,ḓyyef yḓayyef,0
3197,ḓōpṭa,0
3198,ḓōyef yḓōyef,0
3199,ḓḥīṯa,0
3200,ḥabla,0
3201,ḥabīb,0
3202,ḥabīpči,0
3203,ḥaffṯa,0
3204,ḥafəlṯa,0
3205,ḥakkem yḥakkem,0
3206,ḥakya,0
3207,ḥalab,0
3208,ḥalabay,0
3209,ḥalal,0
3210,ḥalba,0
3211,ḥalla,0
3212,ḥallaḳūṯa,0
3213,ḥallef yḥallef,0
3214,ḥallel yḥallel,0
3215,ḥallōḳa,0
3216,ḥalyūṯa,0
3217,ḥalōyṯa,0
3218,ḥaləpṯa,0
3219,ḥaləḳṯa,0
3220,ḥalḳūma,0
3221,ḥammel yḥammel,0
3222,ḥammem yḥammem,0
3223,ḥammeš,0
3224,ḥammeščaʕṣar,0
3225,ḥammešṯa,0
3226,ḥammeṣ yḥammeṣ,0
3227,ḥammōma,0
3228,ḥamra,0
3229,ḥaməlṯa,0
3230,ḥanka,0
3231,ḥann yḥann,0
3232,ḥanna,0
3233,ḥannek yḥannek,0
3234,ḥannūne,0
3235,ḥanunōy,0
3236,ḥappeṭ yḥappeṭ,0
3237,ḥaram,0
3238,ḥaras,0
3239,ḥarba,0
3240,ḥarfa,0
3241,ḥarreb yḥarreb,0
3242,ḥarrek yḥarrek,0
3243,ḥarrem yḥarrem,0
3244,ḥarrež yḥarrež,0
3245,ḥarām,0
3246,ḥarīma,0
3247,ḥarīra,0
3248,ḥarīša,0
3249,ḥarīṣay,0
3250,ḥarəkṯa,0
3251,ḥarḏōna,0
3252,ḥasab,0
3253,ḥassel,0
3254,ḥassel yḥassel,0
3255,ḥasənṯa,0
3256,ḥatta,0
3257,ḥattet yḥattet,0
3258,ḥatīsa,0
3259,ḥatīta,0
3260,ḥawra,0
3261,ḥawran,0
3262,ḥawrōnay,0
3263,ḥawwel yḥawwel,0
3264,ḥawweš yḥawweš,0
3265,ḥawḓa,0
3266,ḥayl-,0
3267,ḥayna,0
3268,ḥaywōna/ḥiwōna,0
3269,ḥayy,0
3270,ḥayy yḥayy,0
3271,ḥayy-,0
3272,ḥayyet yḥayyet,0
3273,ḥayyež,0
3274,ḥayyeṭ yḥayyeṭ,0
3275,ḥayōṯa,0
3276,ḥazzar yḥazzar,0
3277,ḥazzeḳ,0
3278,ḥačč(i),0
3279,ḥašoppa,0
3280,ḥašīša,0
3281,ḥašīšča,0
3282,ḥašš,0
3283,ḥašš yḥašš,0
3284,ḥažza,0
3285,ḥažža,0
3286,ḥažži,0
3287,ḥažžōža,0
3288,ḥažžṯa/ḥažžōṯa,0
3289,ḥaḓḓar yḥaḓḓar,0
3290,ḥaḳla,0
3291,ḥaḳīḳča,0
3292,ḥaḳḳōnay,0
3293,ḥaṣṣa,0
3294,ḥaṣṣel yḥaṣṣel,0
3295,ḥaṭṭeb yḥaṭṭeb,0
3296,ḥaṭṭeṭ yḥaṭṭeṭ,0
3297,ḥaṭṭōčča,0
3298,ḥaṯna,0
3299,ḥaẓẓa,0
3300,ḥaẓẓūra,0
3301,ḥbōka,0
3302,ḥekəmṯa,0
3303,ḥell/ḥull/ḥall,0
3304,ḥelma,0
3305,ḥelsa,0
3306,ḥenna,0
3307,ḥessa,0
3308,ḥetta,0
3309,ḥeṣṣṯa,0
3310,ḥifyan,0
3311,ḥilpul,0
3312,ḥilwōna,0
3313,ḥimyōna,0
3314,ḥiməš,0
3315,ḥiməṣnay,0
3316,ḥinnīṯa,0
3317,ḥiyalžay,0
3318,ḥišpōna,0
3319,ḥišray,0
3320,ḥišrūṯa,0
3321,ḥiṭṭō,0
3322,ḥkīma,0
3323,ḥkīma nafsōnay,0
3324,ḥkōyṯa,0
3325,ḥkūmča,0
3326,ḥlaslūsča,0
3327,ḥlōṯa,0
3328,ḥmīra,0
3329,ḥmōra,0
3330,ḥmōrča,0
3331,ḥmōyṯa,0
3332,ḥmōṯa,0
3333,ḥofərṯa,0
3334,ḥokma,0
3335,ḥormṯa,0
3336,ḥorša,0
3337,ḥosna,0
3338,ḥozna,0
3339,ḥožžṯa,0
3340,ḥrēna,0
3341,ḥrīpča,0
3342,ḥrō,0
3343,ḥrōma,0
3344,ḥrōmay,0
3345,ḥukīṯa,0
3346,ḥummaʕīṯa,0
3347,ḥurr,0
3348,ḥuwwar,0
3349,ḥuyyōṭa,0
3350,ḥuzzarīṯa/ḥuzzayrīṯa,0
3351,ḥuṣōra,0
3352,ḥzīran,0
3353,ḥáyyalla/ḥayyalla,0
3354,ḥēdes,0
3355,ḥīlča,0
3356,ḥīrča,0
3357,ḥōfeḓ/ḥōfeẓ yḥōfeḓ/yḥōfeẓ,0
3358,ḥōk yḥōk,0
3359,ḥōkma,0
3360,ḥōla,0
3361,ḥōlča,0
3362,ḥōna,0
3363,ḥōrsa,0
3364,ḥōwel yḥōwel,0
3365,ḥōḏ,1
3366,ḥōḏyan,1
3367,ḥōḓar,0
3368,ḥōṣar yḥōṣar,0
3369,ḥōṣel/ḥāṣel,0
3370,ḥōṣla,0
3371,ḥōṯa,0
3372,ḥūya,0
3373,ḥūṭa,0
3374,ḥḏawṯa,0
3375,ḥḏučča,0
3376,ḥḏūṯa,0
3377,ḥṣōna,0
3378,ḥṣōḏa,0
3379,ḥṭīṯa,0
3380,ḳabra,0
3381,ḳabwa,0
3382,ḳaffel yḳaffel,0
3383,ḳafla,0
3384,ḳafṣa,0
3385,ḳahra,0
3386,ḳahwe,0
3387,ḳalamōna,0
3388,ḳall,0
3389,ḳall yḳall,0
3390,ḳallaʕ yḳallaʕ,0
3391,ḳallel,0
3392,ḳallel yḳallel,0
3393,ḳalles,0
3394,ḳallōba,0
3395,ḳallūme,0
3396,ḳalpṯa,0
3397,ḳalča,0
3398,ḳalšinō,0
3399,ḳamar,0
3400,ḳamesča,0
3401,ḳamḥa,0
3402,ḳamṣa,0
3403,ḳandalafət,0
3404,ḳannīnča,0
3405,ḳanōna,0
3406,ḳanūnay,0
3407,ḳanṭarča,0
3408,ḳappaʕ yḳappaʕ,0
3409,ḳappōna,0
3410,ḳaraway,0
3411,ḳarna,0
3412,ḳarrar yḳarrar,0
3413,ḳarreb,0
3414,ḳarreb yḳarreb,0
3415,ḳarreṣ,0
3416,ḳarreṣ yḳarreṣ,0
3417,ḳarrāde,0
3418,ḳarweš yḳarweš,0
3419,ḳarīḥča,0
3420,ḳarḳeṭ yḳarḳeṭ,0
3421,ḳass,0
3422,ḳassem yḳassem,0
3423,ḳasḳel yḳasḳel,0
3424,ḳatem,0
3425,ḳatrība,0
3426,ḳatt/ḳattil/ḳattlə,0
3427,ḳatta,0
3428,ḳattar yḳattar,0
3429,ḳattem yḳattem,0
3430,ḳatter,0
3431,ḳatteš yḳatteš,0
3432,ḳattēša,0
3433,ḳattēšča,0
3434,ḳattūma,0
3435,ḳatīmay,0
3436,ḳawarma,0
3437,ḳawla,0
3438,ḳaww yḳaww,0
3439,ḳawwar yḳawwar,0
3440,ḳawwem,0
3441,ḳawwem yḳawwem,0
3442,ḳawwes yḳawwes,0
3443,ḳawwō(m),0
3444,ḳawwōla,0
3445,ḳayya(m),0
3446,ḳayyel,0
3447,ḳayyeḏ yḳayyeḏ,0
3448,ḳazōz,0
3449,ḳazəmṯa,0
3450,ḳazḳūza,0
3451,ḳašīša,0
3452,ḳaššōṭča,0
3453,ḳašḳeš yḳašḳeš,0
3454,ḳaʕpra,0
3455,ḳaʕtṯa/ḳaʕəṯṯa,0
3456,ḳaʕḳaʕ yḳaʕḳaʕ,0
3457,ḳaʕḳūʕa,0
3458,ḳaḓa,0
3459,ḳaḓīṯa,0
3460,ḳaṣba,0
3461,ḳaṣra,0
3462,ḳaṣṣar yḳaṣṣar,0
3463,ḳaṣṭal,0
3464,ḳaṣṭla,0
3465,ḳaṭma,0
3466,ḳaṭramīza,0
3467,ḳaṭōyef,0
3468,ḳaṭəlṯa,0
3469,ḳaṭʕiyyan,0
3470,ḳaṭṭar yḳaṭṭar,0
3471,ḳaṭṭaʕ yḳaṭṭaʕ,0
3472,ḳaṭṭeb yḳaṭṭeb,0
3473,ḳaṭṭūfa,0
3474,ḳbīra,0
3475,ḳebəlṯa,0
3476,ḳelfa,0
3477,ḳellṯa,0
3478,ḳeləfṯa,0
3479,ḳerša,0
3480,ḳesma,0
3481,ḳesəmṯa,0
3482,ḳesṭa,0
3483,ḳetra,0
3484,ḳešərṯa,0
3485,ḳeḏḥa,0
3486,ḳeṣṣṯa,0
3487,ḳeṭṭa,0
3488,ḳfō,0
3489,ḳintul,0
3490,ḳinyōna,0
3491,ḳirfe,0
3492,ḳirōṭa,0
3493,ḳlīma,0
3494,ḳlōba,0
3495,ḳmōza,0
3496,ḳmōša,0
3497,ḳoffṯa,0
3498,ḳomm-,0
3499,ḳomma,0
3500,ḳonna,0
3501,ḳoppṯa,0
3502,ḳorba,0
3503,ḳoreṣča,0
3504,ḳorʕa,0
3505,ḳorʕṯa,0
3506,ḳorṣa,0
3507,ḳorṣa/ḳorsa,0
3508,ḳotša,0
3509,ḳotərṯa,0
3510,ḳočra,0
3511,ḳoʕša,0
3512,ḳoṭəʕṯa,0
3513,ḳrunful,0
3514,ḳrōṯa,0
3515,ḳsīta,0
3516,ḳsōta,0
3517,ḳtōra,0
3518,ḳufōla,0
3519,ḳulḳās,0
3520,ḳummanō,0
3521,ḳura,0
3522,ḳurmyōṯa,0
3523,ḳurpanīṯa,0
3524,ḳurpōna,0
3525,ḳurreṣ,0
3526,ḳurrōṣa,0
3527,ḳuryay,0
3528,ḳurɁān,0
3529,ḳutōra,0
3530,ḳuwwōsa,0
3531,ḳušbarča,0
3532,ḳuʕḳʕīṯa,0
3533,ḳuḓōme,0
3534,ḳuṣṣur,0
3535,ḳuṭayfe,0
3536,ḳuṭayfnay,0
3537,ḳuṭṭarīṯa,0
3538,ḳuṭṭōra,0
3539,ḳwōsa,0
3540,ḳyōmča,0
3541,ḳyūma,0
3542,ḳzōza,0
3543,ḳzōzča,0
3544,ḳīmča,0
3545,ḳīsa,0
3546,ḳōla,0
3547,ḳōlba,0
3548,ḳōrma,0
3549,ḳōyta,0
3550,ḳōḓya,0
3551,ḳōṣ,0
3552,ḳōṭar yḳōṭar,0
3553,ḳūnča,0
3554,ḳūr-,0
3555,ḳūṯa,0
3556,ḳʕōle yiḳʕēle,0
3557,ḳḏōla,0
3558,ḳḏōḥa,0
3559,ḳṣōṣa,0
3560,ḳṭōfa,0
3561,ḳṭōla,0
3562,ḳṭōʕa,0
3563,ṣabōna,0
3564,ṣaff yṣaff,0
3565,ṣaffar yṣaffar,0
3566,ṣaffeṭ yṣaffeṭ,0
3567,ṣafran yṣafran,0
3568,ṣafrōna,0
3569,ṣafwṯa,0
3570,ṣafōyṯa,0
3571,ṣafəḥṯa,0
3572,ṣafṣafīṯa,0
3573,ṣahra,0
3574,ṣall yṣall,0
3575,ṣall/ṣalli yṣall/yṣalli,0
3576,ṣallaḥ yṣallaḥ,0
3577,ṣalleb yṣalleb,0
3578,ṣallūʕa,0
3579,ṣaləʕṯa,0
3580,ṣalḥiyye,0
3581,ṣammeč yṣammeč,0
3582,ṣamṣarča,0
3583,ṣanneʕ yṣanneʕ,0
3584,ṣanpaʕ yṣanpaʕ,0
3585,ṣappaḥ yṣappaḥ,0
3586,ṣarref yṣarref,0
3587,ṣarḳay,0
3588,ṣawma,0
3589,ṣawwar yṣawwar,0
3590,ṣawwaṭ yṣawwaṭ,0
3591,ṣawwel yṣawwel,0
3592,ṣawwen yṣawwen,0
3593,ṣawṭa,0
3594,ṣayfay,0
3595,ṣayfōyṯa,0
3596,ṣayyeġ yṣayyeġ,0
3597,ṣaʕra,0
3598,ṣaʕrō,0
3599,ṣaʕṯa,0
3600,ṣaḏanōy,0
3601,ṣaḥna,0
3602,ṣaḥōra,0
3603,ṣaḥḥ yṣaḥḥ,0
3604,ṣbawṯa,0
3605,ṣbōḥa,0
3606,ṣeffa,0
3607,ṣehra,0
3608,ṣenəʕṯa,0
3609,ṣeḥḥṯa,0
3610,ṣfīḥča,0
3611,ṣfōfa,0
3612,ṣlība,0
3613,ṣlōxa,0
3614,ṣlōṯa,0
3615,ṣlōṯəl hažəmṯa,0
3616,ṣofərṯa,0
3617,ṣorrṯa,0
3618,ṣoḥəpṯa,0
3619,ṣoṭəfṯa,0
3620,ṣrōḳa,0
3621,ṣummar,0
3622,ṣunnōra,0
3623,ṣunōyṯa,0
3624,ṣurmōyṯa,0
3625,ṣuxōma,0
3626,ṣuxōža,0
3627,ṣyōḥa,0
3628,ṣyūḥa,0
3629,ṣānṭi,0
3630,ṣāġ,0
3631,ṣīrča,0
3632,ṣīxa,0
3633,ṣīġča,0
3634,ṣīġṯa,0
3635,ṣīṭa,0
3636,ṣōlaḥ yṣōlaḥ,0
3637,ṣōlaḥ/ṣōleḥ,0
3638,ṣōraʕ yṣōraʕ,0
3639,ṣōreḥ yṣōreḥ,0
3640,ṣōġṯa,0
3641,ṣōža,0
3642,ṣūrča,0
3643,ṭabb/ṭabbi,0
3644,ṭabla,0
3645,ṭabīʕay,0
3646,ṭabōra,0
3647,ṭabəšṯa,0
3648,ṭabʕan,0
3649,ṭabṭeb yṭabṭeb,0
3650,ṭaff yṭaff,0
3651,ṭafran,0
3652,ṭahhar yṭahhar,0
3653,ṭalleḳ yṭalleḳ,0
3654,ṭalpa,0
3655,ṭaləʕṯa,0
3656,ṭammen yṭammen,0
3657,ṭammeṣ yṭammeṣ,0
3658,ṭamʕa,0
3659,ṭanžar,0
3660,ṭanžarča,0
3661,ṭappeš yṭappeš,0
3662,ṭappeḳ yṭappeḳ,0
3663,ṭarbūša,0
3664,ṭarfa,0
3665,ṭarr yṭarr,0
3666,ṭarreẓ yṭarreẓ,0
3667,ṭarrōša,0
3668,ṭarša,0
3669,ṭarḥa,0
3670,ṭawbez/ṭawpez,0
3671,ṭawwel yṭawwel,0
3672,ṭawəlṯa,0
3673,ṭawḳa,0
3674,ṭayba,0
3675,ṭayra,0
3676,ṭayyanō,0
3677,ṭayyeb,0
3678,ṭayyen yṭayyen,0
3679,ṭaššar yṭaššar,0
3680,ṭaʕna,0
3681,ṭaʕəmṯa,0
3682,ṭaḥənṯa,0
3683,ṭaḥḥōna,0
3684,ṭaḳma,0
3685,ṭaḳsa,0
3686,ṭaḳōyṯa,0
3687,ṭaḳḳ,0
3688,ṭaṭli,0
3689,ṭbīʕča,0
3690,ṭbōḳča,0
3691,ṭefla,0
3692,ṭefəlṯa,0
3693,ṭlobəḥṯa,0
3694,ṭlōḳa,0
3695,ṭrīḳča,0
3696,ṭrōfa,0
3697,ṭrōḳa,0
3698,ṭubuḳ,0
3699,ṭuffōla,0
3700,ṭulyōnay,0
3701,ṭurrōḥča,0
3702,ṭuzz,0
3703,ṭuḥōla,0
3704,ṭálama,0
3705,ṭēbeḳ,0
3706,ṭīma,0
3707,ṭīna,0
3708,ṭīẓa,0
3709,ṭōb,0
3710,ṭōhar,0
3711,ṭōlba,0
3712,ṭōmaʕ yṭōmaʕ,0
3713,ṭōpṯa,0
3714,ṭōyfṯa,0
3715,ṭōšar,0
3716,ṭōḳa,0
3717,ṭūl,0
3718,ṭūla,0
3719,ṭūlča,0
3720,ṭūra,0
3721,ṭʕōna,0
3722,ṭḥōna,0
3723,ṭṭamman yiṭṭamman (čṭamman yičṭamman),0
3724,ṯalžṯa,0
3725,ṯammen yṯammen,0
3726,ṯamna,0
3727,ṯamra,0
3728,ṯamīnay,0
3729,ṯannūrča,0
3730,ṯanwṯa,0
3731,ṯarč-,0
3732,ṯarč/ṯarči,0
3733,ṯarčʕasər,0
3734,ṯarʕa,0
3735,ṯawba,0
3736,ṯawərṯa,0
3737,ṯaʕla,0
3738,ṯebna,0
3739,ṯeffṯa,0
3740,ṯelka,0
3741,ṯemma,0
3742,ṯinaġelča,0
3743,ṯiččay,0
3744,ṯlaṯ-,0
3745,ṯleččaʕṣar,0
3746,ṯleʕṣar,0
3747,ṯlēṯ,0
3748,ṯmēn,0
3749,ṯmōn,0
3750,ṯnīṯa,0
3751,ṯoḳla,0
3752,ṯr-,0
3753,ṯrō,0
3754,ṯulṯōyṯa,0
3755,ṯumnōyṯa,0
3756,ṯāri,0
3757,ṯēleṯ,0
3758,ṯēmen,0
3759,ṯēn/ṯēni,0
3760,ṯēnča,0
3761,ṯēčča,0
3762,ṯōle yṯēle,1
3763,ṯūṯa,0
3764,ẓabərṯa,0
3765,ẓaffer,0
3766,ẓafərṯa,0
3767,ẓalġeṭ yẓalġeṭ,0
3768,ẓalġūṭa,0
3769,ẓannar yẓannar,0
3770,ẓanṭer yẓanṭer,0
3771,ẓarfa,0
3772,ẓarʕa,0
3773,ẓaʕweṭ yẓaʕweṭ,0
3774,ẓerpa,0
3775,ẓolma,0
3776,ẓrōʕa,0
3777,ẓulṭa/ẓelṭa,0
3778,ẓunnarōyṯa,0
